[
  {
    "id": 1,
    "tracking_number": "334983046149",
    "customer_id": 2,
    "customer_contact": "19365141641631",
    "amount": 5,
    "sales_tax": 0.1,
    "paid_total": 55.1,
    "total": 55.1,
    "cancelled_amount": "0.00",
    "language": "en",
    "coupon_id": null,
    "parent_id": null,
    "shop_id": null,
    "discount": 0,
    "payment_gateway": "STRIPE",
    "shipping_address": {
      "zip": "38169",
      "city": "Dakar",
      "state": "Dakar",
      "country": "S\u00e9n\u00e9gal",
      "street_address": "mermoz"
    },
    "billing_address": {
      "zip": "51397",
      "city": "Ipsum qui minus sint",
      "state": "Quod et consequatur",
      "country": "Aut fugiat iusto do",
      "street_address": "Voluptatum qui sunt"
    },
    "logistics_provider": null,
    "delivery_fee": 50,
    "delivery_time": "Express Delivery",
    "order_status": "order-pending",
    "payment_status": "payment-pending",
    "created_at": "2022-12-01T18:18:43.000000Z",
    "payment_intent": null,
    "customer": {
      "id": 2,
      "name": "Customer",
      "email": "customer@demo.com",
      "email_verified_at": null,
      "created_at": "2021-08-18T10:30:29.000000Z",
      "updated_at": "2021-08-18T13:17:53.000000Z",
      "is_active": 1,
      "shop_id": null
    },
    "products": [
      {
        "id": 14,
        "name": "Pepper",
        "slug": "pepper",
        "description": "Black pepper is a flowering vine in the family Piperaceae, cultivated for its fruit, known as a peppercorn, which is usually dried and used as a spice and seasoning. When fresh and fully mature, it is about 5 mm in diameter and dark red, and contains a single seed, like all drupes",
        "type_id": 1,
        "price": 6,
        "shop_id": 6,
        "sale_price": 5,
        "language": "en",
        "min_price": 6,
        "max_price": 6,
        "sku": "14",
        "quantity": 31,
        "in_stock": 1,
        "is_taxable": 0,
        "shipping_class_id": null,
        "status": "publish",
        "product_type": "simple",
        "unit": "1lb",
        "height": null,
        "width": null,
        "length": null,
        "image": {
          "id": "15",
          "original": "https://pickbazarlaravel.s3.ap-southeast-1.amazonaws.com/15/MiniPeppers.jpg",
          "thumbnail": "https://pickbazarlaravel.s3.ap-southeast-1.amazonaws.com/15/conversions/MiniPeppers-thumbnail.jpg"
        },
        "video": null,
        "gallery": [],
        "deleted_at": null,
        "created_at": "2021-03-08T10:55:14.000000Z",
        "updated_at": "2022-12-01T18:18:45.000000Z",
        "author_id": null,
        "manufacturer_id": null,
        "is_digital": 0,
        "is_external": 0,
        "external_product_url": null,
        "external_product_button_text": null,
        "ratings": 4.5,
        "total_reviews": 2,
        "rating_count": [
          {
            "rating": 5,
            "total": 1,
            "positive_feedbacks_count": 0,
            "negative_feedbacks_count": 0,
            "my_feedback": null,
            "abusive_reports_count": 0
          },
          {
            "rating": 4,
            "total": 1,
            "positive_feedbacks_count": 0,
            "negative_feedbacks_count": 0,
            "my_feedback": null,
            "abusive_reports_count": 0
          }
        ],
        "my_review": [
          {
            "id": 14,
            "order_id": null,
            "user_id": 2,
            "shop_id": 6,
            "product_id": 14,
            "variation_option_id": null,
            "comment": "Good quality product.",
            "rating": 5,
            "photos": [],
            "deleted_at": null,
            "created_at": "2022-03-17T14:00:53.000000Z",
            "updated_at": "2022-03-17T14:00:53.000000Z",
            "positive_feedbacks_count": 0,
            "negative_feedbacks_count": 0,
            "my_feedback": null,
            "abusive_reports_count": 0
          }
        ],
        "in_wishlist": false,
        "blocked_dates": [],
        "translated_languages": ["en"],
        "pivot": {
          "order_id": 544,
          "product_id": 14,
          "order_quantity": "1",
          "unit_price": 5,
          "subtotal": 5,
          "variation_option_id": null,
          "created_at": "2022-12-01T18:18:43.000000Z",
          "updated_at": "2022-12-01T18:18:43.000000Z"
        },
        "variation_options": []
      }
    ],
    "children": [
      {
        "id": 545,
        "tracking_number": "862329877479",
        "customer_id": 2,
        "customer_contact": "19365141641631",
        "amount": 5,
        "sales_tax": 0,
        "paid_total": 5,
        "total": 5,
        "cancelled_amount": "0.00",
        "language": "en",
        "coupon_id": null,
        "parent_id": 544,
        "shop_id": 6,
        "discount": 0,
        "payment_gateway": "STRIPE",
        "shipping_address": {
          "zip": "38169",
          "city": "Dakar",
          "state": "Dakar",
          "country": "S\u00e9n\u00e9gal",
          "street_address": "mermoz"
        },
        "billing_address": {
          "zip": "51397",
          "city": "Ipsum qui minus sint",
          "state": "Quod et consequatur",
          "country": "Aut fugiat iusto do",
          "street_address": "Voluptatum qui sunt"
        },
        "logistics_provider": null,
        "delivery_fee": 0,
        "delivery_time": "Express Delivery",
        "order_status": "order-pending",
        "payment_status": "payment-pending",
        "created_at": "2022-12-01T18:18:43.000000Z",
        "customer": {
          "id": 2,
          "name": "Customer",
          "email": "customer@demo.com",
          "email_verified_at": null,
          "created_at": "2021-08-18T10:30:29.000000Z",
          "updated_at": "2021-08-18T13:17:53.000000Z",
          "is_active": 1,
          "shop_id": null
        },
        "products": [
          {
            "id": 14,
            "name": "Pepper",
            "slug": "pepper",
            "description": "Black pepper is a flowering vine in the family Piperaceae, cultivated for its fruit, known as a peppercorn, which is usually dried and used as a spice and seasoning. When fresh and fully mature, it is about 5 mm in diameter and dark red, and contains a single seed, like all drupes",
            "type_id": 1,
            "price": 6,
            "shop_id": 6,
            "sale_price": 5,
            "language": "en",
            "min_price": 6,
            "max_price": 6,
            "sku": "14",
            "quantity": 31,
            "in_stock": 1,
            "is_taxable": 0,
            "shipping_class_id": null,
            "status": "publish",
            "product_type": "simple",
            "unit": "1lb",
            "height": null,
            "width": null,
            "length": null,
            "image": {
              "id": "15",
              "original": "https://pickbazarlaravel.s3.ap-southeast-1.amazonaws.com/15/MiniPeppers.jpg",
              "thumbnail": "https://pickbazarlaravel.s3.ap-southeast-1.amazonaws.com/15/conversions/MiniPeppers-thumbnail.jpg"
            },
            "video": null,
            "gallery": [],
            "deleted_at": null,
            "created_at": "2021-03-08T10:55:14.000000Z",
            "updated_at": "2022-12-01T18:18:45.000000Z",
            "author_id": null,
            "manufacturer_id": null,
            "is_digital": 0,
            "is_external": 0,
            "external_product_url": null,
            "external_product_button_text": null,
            "ratings": 4.5,
            "total_reviews": 2,
            "rating_count": [
              {
                "rating": 5,
                "total": 1,
                "positive_feedbacks_count": 0,
                "negative_feedbacks_count": 0,
                "my_feedback": null,
                "abusive_reports_count": 0
              },
              {
                "rating": 4,
                "total": 1,
                "positive_feedbacks_count": 0,
                "negative_feedbacks_count": 0,
                "my_feedback": null,
                "abusive_reports_count": 0
              }
            ],
            "my_review": [
              {
                "id": 14,
                "order_id": null,
                "user_id": 2,
                "shop_id": 6,
                "product_id": 14,
                "variation_option_id": null,
                "comment": "Good quality product.",
                "rating": 5,
                "photos": [],
                "deleted_at": null,
                "created_at": "2022-03-17T14:00:53.000000Z",
                "updated_at": "2022-03-17T14:00:53.000000Z",
                "positive_feedbacks_count": 0,
                "negative_feedbacks_count": 0,
                "my_feedback": null,
                "abusive_reports_count": 0
              }
            ],
            "in_wishlist": false,
            "blocked_dates": [],
            "translated_languages": ["en"],
            "pivot": {
              "order_id": 545,
              "product_id": 14,
              "order_quantity": "1",
              "unit_price": 5,
              "subtotal": 5,
              "variation_option_id": null,
              "created_at": "2022-12-01T18:18:43.000000Z",
              "updated_at": "2022-12-01T18:18:43.000000Z"
            },
            "variation_options": []
          }
        ],
        "shop": {
          "id": 6,
          "owner_id": 1,
          "name": "Grocery Shop",
          "slug": "grocery-shop",
          "description": "The grocery shop is the best shop around the city. This is being run under the store owner and our aim is to provide fresh and quality product and hassle free customer service.",
          "cover_image": {
            "id": "894",
            "original": "https://pickbazarlaravel.s3.ap-southeast-1.amazonaws.com/892/Untitled-2.jpg",
            "thumbnail": "https://pickbazarlaravel.s3.ap-southeast-1.amazonaws.com/892/conversions/Untitled-2-thumbnail.jpg"
          },
          "logo": {
            "id": "893",
            "original": "https://pickbazarlaravel.s3.ap-southeast-1.amazonaws.com/891/Group-36321.png",
            "thumbnail": "https://pickbazarlaravel.s3.ap-southeast-1.amazonaws.com/891/conversions/Group-36321-thumbnail.jpg"
          },
          "is_active": 1,
          "address": {
            "zip": "61032",
            "city": "Freeport",
            "state": "Illinois",
            "country": "USA",
            "street_address": "1986  Spinnaker Lane"
          },
          "settings": {
            "contact": "018927525111",
            "socials": [
              {
                "url": "https://www.facebook.com/",
                "icon": "FacebookIcon"
              },
              {
                "url": "https://www.instagram.com/",
                "icon": "InstagramIcon"
              }
            ],
            "website": "https://redq.io/",
            "location": {
              "lat": 38.9032325,
              "lng": -77.0211068,
              "city": "Washington",
              "state": "DC",
              "country": "United States",
              "formattedAddress": "New York Ave NW, Washington, DC, USA"
            }
          },
          "created_at": "2021-06-27T03:48:23.000000Z",
          "updated_at": "2021-07-08T09:22:38.000000Z"
        }
      }
    ],
    "wallet_point": null
  },
  {
    "id": 544,
    "tracking_number": "334983046149",
    "customer_id": 2,
    "customer_contact": "19365141641631",
    "amount": 5,
    "sales_tax": 0.1,
    "paid_total": 55.1,
    "total": 55.1,
    "cancelled_amount": "0.00",
    "language": "en",
    "coupon_id": null,
    "parent_id": null,
    "shop_id": null,
    "discount": 0,
    "payment_gateway": "STRIPE",
    "shipping_address": {
      "zip": "38169",
      "city": "Dakar",
      "state": "Dakar",
      "country": "S\u00e9n\u00e9gal",
      "street_address": "mermoz"
    },
    "billing_address": {
      "zip": "51397",
      "city": "Ipsum qui minus sint",
      "state": "Quod et consequatur",
      "country": "Aut fugiat iusto do",
      "street_address": "Voluptatum qui sunt"
    },
    "logistics_provider": null,
    "delivery_fee": 50,
    "delivery_time": "Express Delivery",
    "order_status": "order-pending",
    "payment_status": "payment-pending",
    "created_at": "2022-12-01T18:18:43.000000Z",
    "payment_intent": {
      "id": 113,
      "order_id": 544,
      "tracking_number": "334983046149",
      "payment_gateway": "stripe",
      "payment_intent_info": {
        "payment_id": "pi_3MAHLMBEtYX3PXpB0FHDvtO2",
        "is_redirect": false,
        "client_secret": "pi_3MAHLMBEtYX3PXpB0FHDvtO2_secret_9J9ycAJjFfSGzaAD0hXwol6pu"
      }
    },
    "customer": {
      "id": 2,
      "name": "Customer",
      "email": "customer@demo.com",
      "email_verified_at": null,
      "created_at": "2021-08-18T10:30:29.000000Z",
      "updated_at": "2021-08-18T13:17:53.000000Z",
      "is_active": 1,
      "shop_id": null
    },
    "products": [
      {
        "id": 14,
        "name": "Pepper",
        "slug": "pepper",
        "description": "Black pepper is a flowering vine in the family Piperaceae, cultivated for its fruit, known as a peppercorn, which is usually dried and used as a spice and seasoning. When fresh and fully mature, it is about 5 mm in diameter and dark red, and contains a single seed, like all drupes",
        "type_id": 1,
        "price": 6,
        "shop_id": 6,
        "sale_price": 5,
        "language": "en",
        "min_price": 6,
        "max_price": 6,
        "sku": "14",
        "quantity": 31,
        "in_stock": 1,
        "is_taxable": 0,
        "shipping_class_id": null,
        "status": "publish",
        "product_type": "simple",
        "unit": "1lb",
        "height": null,
        "width": null,
        "length": null,
        "image": {
          "id": "15",
          "original": "https://pickbazarlaravel.s3.ap-southeast-1.amazonaws.com/15/MiniPeppers.jpg",
          "thumbnail": "https://pickbazarlaravel.s3.ap-southeast-1.amazonaws.com/15/conversions/MiniPeppers-thumbnail.jpg"
        },
        "video": null,
        "gallery": [],
        "deleted_at": null,
        "created_at": "2021-03-08T10:55:14.000000Z",
        "updated_at": "2022-12-01T18:18:45.000000Z",
        "author_id": null,
        "manufacturer_id": null,
        "is_digital": 0,
        "is_external": 0,
        "external_product_url": null,
        "external_product_button_text": null,
        "ratings": 4.5,
        "total_reviews": 2,
        "rating_count": [
          {
            "rating": 5,
            "total": 1,
            "positive_feedbacks_count": 0,
            "negative_feedbacks_count": 0,
            "my_feedback": null,
            "abusive_reports_count": 0
          },
          {
            "rating": 4,
            "total": 1,
            "positive_feedbacks_count": 0,
            "negative_feedbacks_count": 0,
            "my_feedback": null,
            "abusive_reports_count": 0
          }
        ],
        "my_review": [
          {
            "id": 14,
            "order_id": null,
            "user_id": 2,
            "shop_id": 6,
            "product_id": 14,
            "variation_option_id": null,
            "comment": "Good quality product.",
            "rating": 5,
            "photos": [],
            "deleted_at": null,
            "created_at": "2022-03-17T14:00:53.000000Z",
            "updated_at": "2022-03-17T14:00:53.000000Z",
            "positive_feedbacks_count": 0,
            "negative_feedbacks_count": 0,
            "my_feedback": null,
            "abusive_reports_count": 0
          }
        ],
        "in_wishlist": false,
        "blocked_dates": [],
        "translated_languages": ["en"],
        "pivot": {
          "order_id": 544,
          "product_id": 14,
          "order_quantity": "1",
          "unit_price": 5,
          "subtotal": 5,
          "variation_option_id": null,
          "created_at": "2022-12-01T18:18:43.000000Z",
          "updated_at": "2022-12-01T18:18:43.000000Z"
        },
        "variation_options": []
      }
    ],
    "children": [
      {
        "id": 545,
        "tracking_number": "862329877479",
        "customer_id": 2,
        "customer_contact": "19365141641631",
        "amount": 5,
        "sales_tax": 0,
        "paid_total": 5,
        "total": 5,
        "cancelled_amount": "0.00",
        "language": "en",
        "coupon_id": null,
        "parent_id": 544,
        "shop_id": 6,
        "discount": 0,
        "payment_gateway": "STRIPE",
        "shipping_address": {
          "zip": "38169",
          "city": "Dakar",
          "state": "Dakar",
          "country": "S\u00e9n\u00e9gal",
          "street_address": "mermoz"
        },
        "billing_address": {
          "zip": "51397",
          "city": "Ipsum qui minus sint",
          "state": "Quod et consequatur",
          "country": "Aut fugiat iusto do",
          "street_address": "Voluptatum qui sunt"
        },
        "logistics_provider": null,
        "delivery_fee": 0,
        "delivery_time": "Express Delivery",
        "order_status": "order-pending",
        "payment_status": "payment-pending",
        "created_at": "2022-12-01T18:18:43.000000Z",
        "customer": {
          "id": 2,
          "name": "Customer",
          "email": "customer@demo.com",
          "email_verified_at": null,
          "created_at": "2021-08-18T10:30:29.000000Z",
          "updated_at": "2021-08-18T13:17:53.000000Z",
          "is_active": 1,
          "shop_id": null
        },
        "products": [
          {
            "id": 14,
            "name": "Pepper",
            "slug": "pepper",
            "description": "Black pepper is a flowering vine in the family Piperaceae, cultivated for its fruit, known as a peppercorn, which is usually dried and used as a spice and seasoning. When fresh and fully mature, it is about 5 mm in diameter and dark red, and contains a single seed, like all drupes",
            "type_id": 1,
            "price": 6,
            "shop_id": 6,
            "sale_price": 5,
            "language": "en",
            "min_price": 6,
            "max_price": 6,
            "sku": "14",
            "quantity": 31,
            "in_stock": 1,
            "is_taxable": 0,
            "shipping_class_id": null,
            "status": "publish",
            "product_type": "simple",
            "unit": "1lb",
            "height": null,
            "width": null,
            "length": null,
            "image": {
              "id": "15",
              "original": "https://pickbazarlaravel.s3.ap-southeast-1.amazonaws.com/15/MiniPeppers.jpg",
              "thumbnail": "https://pickbazarlaravel.s3.ap-southeast-1.amazonaws.com/15/conversions/MiniPeppers-thumbnail.jpg"
            },
            "video": null,
            "gallery": [],
            "deleted_at": null,
            "created_at": "2021-03-08T10:55:14.000000Z",
            "updated_at": "2022-12-01T18:18:45.000000Z",
            "author_id": null,
            "manufacturer_id": null,
            "is_digital": 0,
            "is_external": 0,
            "external_product_url": null,
            "external_product_button_text": null,
            "ratings": 4.5,
            "total_reviews": 2,
            "rating_count": [
              {
                "rating": 5,
                "total": 1,
                "positive_feedbacks_count": 0,
                "negative_feedbacks_count": 0,
                "my_feedback": null,
                "abusive_reports_count": 0
              },
              {
                "rating": 4,
                "total": 1,
                "positive_feedbacks_count": 0,
                "negative_feedbacks_count": 0,
                "my_feedback": null,
                "abusive_reports_count": 0
              }
            ],
            "my_review": [
              {
                "id": 14,
                "order_id": null,
                "user_id": 2,
                "shop_id": 6,
                "product_id": 14,
                "variation_option_id": null,
                "comment": "Good quality product.",
                "rating": 5,
                "photos": [],
                "deleted_at": null,
                "created_at": "2022-03-17T14:00:53.000000Z",
                "updated_at": "2022-03-17T14:00:53.000000Z",
                "positive_feedbacks_count": 0,
                "negative_feedbacks_count": 0,
                "my_feedback": null,
                "abusive_reports_count": 0
              }
            ],
            "in_wishlist": false,
            "blocked_dates": [],
            "translated_languages": ["en"],
            "pivot": {
              "order_id": 545,
              "product_id": 14,
              "order_quantity": "1",
              "unit_price": 5,
              "subtotal": 5,
              "variation_option_id": null,
              "created_at": "2022-12-01T18:18:43.000000Z",
              "updated_at": "2022-12-01T18:18:43.000000Z"
            },
            "variation_options": []
          }
        ],
        "shop": {
          "id": 6,
          "owner_id": 1,
          "name": "Grocery Shop",
          "slug": "grocery-shop",
          "description": "The grocery shop is the best shop around the city. This is being run under the store owner and our aim is to provide fresh and quality product and hassle free customer service.",
          "cover_image": {
            "id": "894",
            "original": "https://pickbazarlaravel.s3.ap-southeast-1.amazonaws.com/892/Untitled-2.jpg",
            "thumbnail": "https://pickbazarlaravel.s3.ap-southeast-1.amazonaws.com/892/conversions/Untitled-2-thumbnail.jpg"
          },
          "logo": {
            "id": "893",
            "original": "https://pickbazarlaravel.s3.ap-southeast-1.amazonaws.com/891/Group-36321.png",
            "thumbnail": "https://pickbazarlaravel.s3.ap-southeast-1.amazonaws.com/891/conversions/Group-36321-thumbnail.jpg"
          },
          "is_active": 1,
          "address": {
            "zip": "61032",
            "city": "Freeport",
            "state": "Illinois",
            "country": "USA",
            "street_address": "1986  Spinnaker Lane"
          },
          "settings": {
            "contact": "018927525111",
            "socials": [
              {
                "url": "https://www.facebook.com/",
                "icon": "FacebookIcon"
              },
              {
                "url": "https://www.instagram.com/",
                "icon": "InstagramIcon"
              },
              {
                "url": "https://www.twitter.com/",
                "icon": "TwitterIcon"
              }
            ],
            "website": "https://redq.io/",
            "location": {
              "lat": 38.9032325,
              "lng": -77.0211068,
              "city": "Washington",
              "state": "DC",
              "country": "United States",
              "formattedAddress": "New York Ave NW, Washington, DC, USA"
            }
          },
          "created_at": "2021-06-27T03:48:23.000000Z",
          "updated_at": "2021-07-08T09:22:38.000000Z"
        }
      }
    ],
    "wallet_point": null
  },
  {
    "id": 10,
    "tracking_number": "20230102402346",
    "customer_id": 24,
    "customer_contact": "+13452352342",
    "customer_name": "eduardo",
    "amount": 935,
    "sales_tax": 18.7,
    "paid_total": 1003.7,
    "total": 1003.7,
    "cancelled_amount": "0.00",
    "language": "en",
    "coupon_id": null,
    "parent_id": null,
    "shop_id": null,
    "discount": 0,
    "payment_gateway": "CASH_ON_DELIVERY",
    "shipping_address": {
      "zip": "50778",
      "city": "Mollit iure laborum",
      "state": "Non molestiae et qui",
      "country": "Quae quis voluptate",
      "street_address": "Maiores nisi exceptu"
    },
    "billing_address": {
      "zip": "77221",
      "city": "Minus ad minus simil",
      "state": "Unde consequuntur no",
      "country": "Proident officia co",
      "street_address": "Ex enim irure eos e"
    },
    "logistics_provider": null,
    "delivery_fee": 50,
    "delivery_time": "Express Delivery",
    "order_status": "order-completed",
    "payment_status": "payment-cash-on-delivery",
    "created_at": "2023-01-02T10:02:17.000000Z",
    "customer": {
      "id": 24,
      "name": "eduardo",
      "email": "ruralnetms@gmail.com",
      "email_verified_at": null,
      "created_at": "2023-01-01T10:24:29.000000Z",
      "updated_at": "2023-01-01T20:17:15.000000Z",
      "is_active": 1,
      "shop_id": null
    },
    "products": [
      {
        "id": 944,
        "name": "Fleash Eater",
        "slug": "fleash-eater",
        "description": "Cerebral suspenser is a kidney combining the suspenser and cerebral fabrication stripes. It's generally used to describe literature or flicks that deal with cerebral narratives in a suspenser or thrilling setting.\nIn terms of environment and convention, it's a subgenre of the broader ranging suspenser narrative structure, with parallels to Gothic and operative fabrication in the sense of occasionally having a\" dissolving sense of reality\". It's frequently told through the standpoint of psychologically stressed characters, revealing their distorted internal comprehensions and fastening on the complex and frequently tortured connections between compulsive and pathological characters Cerebral suspensers frequently incorporate rudiments of riddle, drama, action, and paranoia. The kidney is nearly related to and occasionally overlaps with the cerebral horror kidney, the ultimate generally involving further horror and terror rudiments and themes and further disturbing or shocking scripts.",
        "type_id": 8,
        "price": 250,
        "shop_id": 7,
        "sale_price": 235,
        "language": "en",
        "min_price": 250,
        "max_price": 250,
        "sku": "kjkgljkgllhjk+ljk5l6+65k65k",
        "quantity": 498,
        "in_stock": 1,
        "is_taxable": 0,
        "shipping_class_id": null,
        "status": "draft",
        "product_type": "simple",
        "unit": "1 pc",
        "height": null,
        "width": null,
        "length": null,
        "image": {
          "id": 1615,
          "original": "https://pickbazarlaravel.s3.ap-southeast-1.amazonaws.com/1615/Thriller-1.jpg",
          "thumbnail": "https://pickbazarlaravel.s3.ap-southeast-1.amazonaws.com/1615/conversions/Thriller-1-thumbnail.jpg"
        },
        "video": null,
        "gallery": [],
        "deleted_at": null,
        "created_at": "2021-12-12T18:20:56.000000Z",
        "updated_at": "2023-01-02T10:02:20.000000Z",
        "author_id": 2,
        "manufacturer_id": 9,
        "is_digital": 1,
        "is_external": 0,
        "external_product_url": null,
        "external_product_button_text": null,
        "ratings": 0,
        "total_reviews": 0,
        "rating_count": [],
        "my_review": null,
        "in_wishlist": false,
        "blocked_dates": [],
        "translated_languages": ["en"],
        "pivot": {
          "order_id": 10,
          "product_id": 944,
          "order_quantity": "1",
          "unit_price": 235,
          "subtotal": 235,
          "variation_option_id": null,
          "created_at": "2023-01-02T10:02:17.000000Z",
          "updated_at": "2023-01-02T10:02:17.000000Z"
        },
        "variation_options": []
      },
      {
        "id": 950,
        "name": "test product",
        "slug": "test-product",
        "description": null,
        "type_id": 2,
        "price": 100,
        "shop_id": 5,
        "sale_price": null,
        "language": "en",
        "min_price": 100,
        "max_price": 100,
        "sku": "asdasdsad",
        "quantity": 99,
        "in_stock": 1,
        "is_taxable": 0,
        "shipping_class_id": null,
        "status": "draft",
        "product_type": "simple",
        "unit": "100",
        "height": null,
        "width": null,
        "length": "",
        "image": {
          "id": "1709",
          "original": "https://pickbazarlaravel.s3.ap-southeast-1.amazonaws.com/1709/pickbazar-support-1.png",
          "thumbnail": "https://pickbazarlaravel.s3.ap-southeast-1.amazonaws.com/1709/conversions/pickbazar-support-1-thumbnail.jpg"
        },
        "video": null,
        "gallery": [],
        "deleted_at": null,
        "created_at": "2022-12-26T02:41:10.000000Z",
        "updated_at": "2023-01-02T10:02:20.000000Z",
        "author_id": null,
        "manufacturer_id": null,
        "is_digital": 0,
        "is_external": 1,
        "external_product_url": null,
        "external_product_button_text": null,
        "ratings": 0,
        "total_reviews": 0,
        "rating_count": [],
        "my_review": null,
        "in_wishlist": false,
        "blocked_dates": [],
        "translated_languages": ["en"],
        "pivot": {
          "order_id": 10,
          "product_id": 950,
          "order_quantity": "1",
          "unit_price": 100,
          "subtotal": 100,
          "variation_option_id": null,
          "created_at": "2023-01-02T10:02:17.000000Z",
          "updated_at": "2023-01-02T10:02:17.000000Z"
        },
        "variation_options": []
      }
    ],
    "children": [
      {
        "id": 12,
        "tracking_number": "20230102375022",
        "customer_id": 24,
        "customer_contact": "+13452352342",
        "customer_name": "eduardo",
        "amount": 100,
        "sales_tax": 0,
        "paid_total": 100,
        "total": 100,
        "cancelled_amount": "0.00",
        "language": "en",
        "coupon_id": null,
        "parent_id": 10,
        "shop_id": 5,
        "discount": 0,
        "payment_gateway": "CASH_ON_DELIVERY",
        "shipping_address": {
          "zip": "50778",
          "city": "Mollit iure laborum",
          "state": "Non molestiae et qui",
          "country": "Quae quis voluptate",
          "street_address": "Maiores nisi exceptu"
        },
        "billing_address": {
          "zip": "77221",
          "city": "Minus ad minus simil",
          "state": "Unde consequuntur no",
          "country": "Proident officia co",
          "street_address": "Ex enim irure eos e"
        },
        "logistics_provider": null,
        "delivery_fee": 0,
        "delivery_time": "Express Delivery",
        "order_status": "order-processing",
        "payment_status": "payment-cash-on-delivery",
        "created_at": "2023-01-02T10:02:19.000000Z",
        "customer": {
          "id": 24,
          "name": "eduardo",
          "email": "ruralnetms@gmail.com",
          "email_verified_at": null,
          "created_at": "2023-01-01T10:24:29.000000Z",
          "updated_at": "2023-01-01T20:17:15.000000Z",
          "is_active": 1,
          "shop_id": null
        },
        "products": [
          {
            "id": 950,
            "name": "test product",
            "slug": "test-product",
            "description": null,
            "type_id": 2,
            "price": 100,
            "shop_id": 5,
            "sale_price": null,
            "language": "en",
            "min_price": 100,
            "max_price": 100,
            "sku": "asdasdsad",
            "quantity": 99,
            "in_stock": 1,
            "is_taxable": 0,
            "shipping_class_id": null,
            "status": "draft",
            "product_type": "simple",
            "unit": "100",
            "height": null,
            "width": null,
            "length": "",
            "image": {
              "id": "1709",
              "original": "https://pickbazarlaravel.s3.ap-southeast-1.amazonaws.com/1709/pickbazar-support-1.png",
              "thumbnail": "https://pickbazarlaravel.s3.ap-southeast-1.amazonaws.com/1709/conversions/pickbazar-support-1-thumbnail.jpg"
            },
            "video": null,
            "gallery": [],
            "deleted_at": null,
            "created_at": "2022-12-26T02:41:10.000000Z",
            "updated_at": "2023-01-02T10:02:20.000000Z",
            "author_id": null,
            "manufacturer_id": null,
            "is_digital": 0,
            "is_external": 1,
            "external_product_url": null,
            "external_product_button_text": null,
            "ratings": 0,
            "total_reviews": 0,
            "rating_count": [],
            "my_review": null,
            "in_wishlist": false,
            "blocked_dates": [],
            "translated_languages": ["en"],
            "pivot": {
              "order_id": 12,
              "product_id": 950,
              "order_quantity": "1",
              "unit_price": 100,
              "subtotal": 100,
              "variation_option_id": null,
              "created_at": "2023-01-02T10:02:19.000000Z",
              "updated_at": "2023-01-02T10:02:19.000000Z"
            },
            "variation_options": []
          }
        ]
      },
      {
        "id": 13,
        "tracking_number": "20230102145612",
        "customer_id": 24,
        "customer_contact": "+13452352342",
        "customer_name": "eduardo",
        "amount": 600,
        "sales_tax": 0,
        "paid_total": 600,
        "total": 600,
        "cancelled_amount": "0.00",
        "language": "en",
        "coupon_id": null,
        "parent_id": 10,
        "shop_id": 15,
        "discount": 0,
        "payment_gateway": "CASH_ON_DELIVERY",
        "shipping_address": {
          "zip": "50778",
          "city": "Mollit iure laborum",
          "state": "Non molestiae et qui",
          "country": "Quae quis voluptate",
          "street_address": "Maiores nisi exceptu"
        },
        "billing_address": {
          "zip": "77221",
          "city": "Minus ad minus simil",
          "state": "Unde consequuntur no",
          "country": "Proident officia co",
          "street_address": "Ex enim irure eos e"
        },
        "logistics_provider": null,
        "delivery_fee": 0,
        "delivery_time": "Express Delivery",
        "order_status": "order-processing",
        "payment_status": "payment-cash-on-delivery",
        "created_at": "2023-01-02T10:02:19.000000Z",
        "customer": {
          "id": 24,
          "name": "eduardo",
          "email": "ruralnetms@gmail.com",
          "email_verified_at": null,
          "created_at": "2023-01-01T10:24:29.000000Z",
          "updated_at": "2023-01-01T20:17:15.000000Z",
          "is_active": 1,
          "shop_id": null
        },
        "products": []
      },
      {
        "id": 11,
        "tracking_number": "20230102221424",
        "customer_id": 24,
        "customer_contact": "+13452352342",
        "customer_name": "eduardo",
        "amount": 235,
        "sales_tax": 0,
        "paid_total": 235,
        "total": 235,
        "cancelled_amount": "0.00",
        "language": "en",
        "coupon_id": null,
        "parent_id": 10,
        "shop_id": 7,
        "discount": 0,
        "payment_gateway": "CASH_ON_DELIVERY",
        "shipping_address": {
          "zip": "50778",
          "city": "Mollit iure laborum",
          "state": "Non molestiae et qui",
          "country": "Quae quis voluptate",
          "street_address": "Maiores nisi exceptu"
        },
        "billing_address": {
          "zip": "77221",
          "city": "Minus ad minus simil",
          "state": "Unde consequuntur no",
          "country": "Proident officia co",
          "street_address": "Ex enim irure eos e"
        },
        "logistics_provider": null,
        "delivery_fee": 0,
        "delivery_time": "Express Delivery",
        "order_status": "order-processing",
        "payment_status": "payment-cash-on-delivery",
        "created_at": "2023-01-02T10:02:17.000000Z",
        "customer": {
          "id": 24,
          "name": "eduardo",
          "email": "ruralnetms@gmail.com",
          "email_verified_at": null,
          "created_at": "2023-01-01T10:24:29.000000Z",
          "updated_at": "2023-01-01T20:17:15.000000Z",
          "is_active": 1,
          "shop_id": null
        },
        "products": [
          {
            "id": 944,
            "name": "Fleash Eater",
            "slug": "fleash-eater",
            "description": "Cerebral suspenser is a kidney combining the suspenser and cerebral fabrication stripes. It's generally used to describe literature or flicks that deal with cerebral narratives in a suspenser or thrilling setting.\nIn terms of environment and convention, it's a subgenre of the broader ranging suspenser narrative structure, with parallels to Gothic and operative fabrication in the sense of occasionally having a\" dissolving sense of reality\". It's frequently told through the standpoint of psychologically stressed characters, revealing their distorted internal comprehensions and fastening on the complex and frequently tortured connections between compulsive and pathological characters Cerebral suspensers frequently incorporate rudiments of riddle, drama, action, and paranoia. The kidney is nearly related to and occasionally overlaps with the cerebral horror kidney, the ultimate generally involving further horror and terror rudiments and themes and further disturbing or shocking scripts.",
            "type_id": 8,
            "price": 250,
            "shop_id": 7,
            "sale_price": 235,
            "language": "en",
            "min_price": 250,
            "max_price": 250,
            "sku": "kjkgljkgllhjk+ljk5l6+65k65k",
            "quantity": 498,
            "in_stock": 1,
            "is_taxable": 0,
            "shipping_class_id": null,
            "status": "draft",
            "product_type": "simple",
            "unit": "1 pc",
            "height": null,
            "width": null,
            "length": null,
            "image": {
              "id": 1615,
              "original": "https://pickbazarlaravel.s3.ap-southeast-1.amazonaws.com/1615/Thriller-1.jpg",
              "thumbnail": "https://pickbazarlaravel.s3.ap-southeast-1.amazonaws.com/1615/conversions/Thriller-1-thumbnail.jpg"
            },
            "video": null,
            "gallery": [],
            "deleted_at": null,
            "created_at": "2021-12-12T18:20:56.000000Z",
            "updated_at": "2023-01-02T10:02:20.000000Z",
            "author_id": 2,
            "manufacturer_id": 9,
            "is_digital": 1,
            "is_external": 0,
            "external_product_url": null,
            "external_product_button_text": null,
            "ratings": 0,
            "total_reviews": 0,
            "rating_count": [],
            "my_review": null,
            "in_wishlist": false,
            "blocked_dates": [],
            "translated_languages": ["en"],
            "pivot": {
              "order_id": 11,
              "product_id": 944,
              "order_quantity": "1",
              "unit_price": 235,
              "subtotal": 235,
              "variation_option_id": null,
              "created_at": "2023-01-02T10:02:17.000000Z",
              "updated_at": "2023-01-02T10:02:17.000000Z"
            },
            "variation_options": []
          }
        ]
      }
    ]
  },
  {
    "id": 8,
    "tracking_number": "20230101919575",
    "customer_id": 23,
    "customer_contact": "+15434535",
    "customer_name": "CArl",
    "amount": 775,
    "sales_tax": 15.5,
    "paid_total": 790.5,
    "total": 790.5,
    "cancelled_amount": "0.00",
    "language": "en",
    "coupon_id": null,
    "parent_id": null,
    "shop_id": null,
    "discount": 0,
    "payment_gateway": "CASH",
    "shipping_address": {
      "zip": "42",
      "city": "4234234",
      "state": "423432",
      "country": "4324234",
      "street_address": "rtew"
    },
    "billing_address": {
      "zip": "4234",
      "city": "234234",
      "state": "234234",
      "country": "4234",
      "street_address": "423rfsd"
    },
    "logistics_provider": null,
    "delivery_fee": 0,
    "delivery_time": "Express Delivery",
    "order_status": "order-completed",
    "payment_status": "payment-cash",
    "created_at": "2023-01-01T12:02:07.000000Z",
    "customer": {
      "id": 23,
      "name": "CArl",
      "email": "new@gmail.com",
      "email_verified_at": null,
      "created_at": "2023-01-01T01:05:21.000000Z",
      "updated_at": "2023-01-01T01:05:21.000000Z",
      "is_active": 1,
      "shop_id": null
    },
    "products": [
      {
        "id": 913,
        "name": "The Red Queen",
        "slug": "the-red-queen",
        "description": "Literature astronomically is any collection of written work, but it's also used more hardly for jottings specifically considered to be an art form, especially prose fabrication, drama, and poetry. In recent centuries, the description has expanded to include oral literature, much of which has been transcribed",
        "type_id": 8,
        "price": 225,
        "shop_id": 7,
        "sale_price": 215,
        "language": "en",
        "min_price": 225,
        "max_price": 225,
        "sku": "561g651fdag/a7a48v",
        "quantity": 499,
        "in_stock": 1,
        "is_taxable": 0,
        "shipping_class_id": null,
        "status": "draft",
        "product_type": "simple",
        "unit": "1 Pc",
        "height": null,
        "width": null,
        "length": null,
        "image": {
          "id": 1647,
          "original": "https://pickbazarlaravel.s3.ap-southeast-1.amazonaws.com/1647/Literature-books-6.jpg",
          "thumbnail": "https://pickbazarlaravel.s3.ap-southeast-1.amazonaws.com/1647/conversions/Literature-books-6-thumbnail.jpg"
        },
        "video": null,
        "gallery": [],
        "deleted_at": null,
        "created_at": "2021-12-11T18:25:25.000000Z",
        "updated_at": "2023-01-01T12:02:08.000000Z",
        "author_id": 6,
        "manufacturer_id": 5,
        "is_digital": 1,
        "is_external": 0,
        "external_product_url": null,
        "external_product_button_text": null,
        "ratings": 0,
        "total_reviews": 0,
        "rating_count": [],
        "my_review": null,
        "in_wishlist": false,
        "blocked_dates": [],
        "translated_languages": ["en"],
        "pivot": {
          "order_id": 8,
          "product_id": 913,
          "order_quantity": "1",
          "unit_price": 215,
          "subtotal": 215,
          "variation_option_id": null,
          "created_at": "2023-01-01T12:02:07.000000Z",
          "updated_at": "2023-01-01T12:02:07.000000Z"
        },
        "variation_options": []
      },
      {
        "id": 934,
        "name": "Space Wars",
        "slug": "space-wars",
        "description": "Science fabrication is a kidney of academic fabrication that generally deals with imaginative and futuristic generalities similar as advanced wisdom and technology, space disquisition, time trip, resemblant worlds, and extraterrestrial life.",
        "type_id": 8,
        "price": 280,
        "shop_id": 7,
        "sale_price": 260,
        "language": "en",
        "min_price": 280,
        "max_price": 280,
        "sku": "hejukltuikmhn+fhg+n5hnhgndvn",
        "quantity": 499,
        "in_stock": 1,
        "is_taxable": 0,
        "shipping_class_id": null,
        "status": "draft",
        "product_type": "simple",
        "unit": "1 pc",
        "height": null,
        "width": null,
        "length": null,
        "image": {
          "id": 1626,
          "original": "https://pickbazarlaravel.s3.ap-southeast-1.amazonaws.com/1626/science-fiction-4.jpg",
          "thumbnail": "https://pickbazarlaravel.s3.ap-southeast-1.amazonaws.com/1626/conversions/science-fiction-4-thumbnail.jpg"
        },
        "video": null,
        "gallery": [],
        "deleted_at": null,
        "created_at": "2021-12-12T17:37:59.000000Z",
        "updated_at": "2023-01-01T12:02:08.000000Z",
        "author_id": 5,
        "manufacturer_id": 5,
        "is_digital": 1,
        "is_external": 0,
        "external_product_url": null,
        "external_product_button_text": null,
        "ratings": 0,
        "total_reviews": 0,
        "rating_count": [],
        "my_review": null,
        "in_wishlist": false,
        "blocked_dates": [],
        "translated_languages": ["en"],
        "pivot": {
          "order_id": 8,
          "product_id": 934,
          "order_quantity": "1",
          "unit_price": 260,
          "subtotal": 260,
          "variation_option_id": null,
          "created_at": "2023-01-01T12:02:07.000000Z",
          "updated_at": "2023-01-01T12:02:07.000000Z"
        },
        "variation_options": []
      },
      {
        "id": 938,
        "name": "The Hidden Planet",
        "slug": "the-hidden-planet",
        "description": "Science fabrication is a kidney of academic fabrication that generally deals with imaginative and futuristic generalities similar as advanced wisdom and technology, space disquisition, time trip, resemblant worlds, and extraterrestrial life.",
        "type_id": 8,
        "price": 300,
        "shop_id": 7,
        "sale_price": null,
        "language": "en",
        "min_price": 300,
        "max_price": 300,
        "sku": "mhjl.kjg/+g;g+jk5jk+l5gjk",
        "quantity": 499,
        "in_stock": 1,
        "is_taxable": 0,
        "shipping_class_id": null,
        "status": "draft",
        "product_type": "simple",
        "unit": "1 pc",
        "height": null,
        "width": null,
        "length": null,
        "image": {
          "id": 1622,
          "original": "https://pickbazarlaravel.s3.ap-southeast-1.amazonaws.com/1622/science-fiction.jpg",
          "thumbnail": "https://pickbazarlaravel.s3.ap-southeast-1.amazonaws.com/1622/conversions/science-fiction-thumbnail.jpg"
        },
        "video": null,
        "gallery": [],
        "deleted_at": null,
        "created_at": "2021-12-12T17:42:13.000000Z",
        "updated_at": "2023-01-01T12:02:08.000000Z",
        "author_id": 6,
        "manufacturer_id": 7,
        "is_digital": 1,
        "is_external": 0,
        "external_product_url": null,
        "external_product_button_text": null,
        "ratings": 0,
        "total_reviews": 0,
        "rating_count": [],
        "my_review": null,
        "in_wishlist": false,
        "blocked_dates": [],
        "translated_languages": ["en"],
        "pivot": {
          "order_id": 8,
          "product_id": 938,
          "order_quantity": "1",
          "unit_price": 300,
          "subtotal": 300,
          "variation_option_id": null,
          "created_at": "2023-01-01T12:02:07.000000Z",
          "updated_at": "2023-01-01T12:02:07.000000Z"
        },
        "variation_options": []
      }
    ],
    "children": [
      {
        "id": 9,
        "tracking_number": "20230101822865",
        "customer_id": 23,
        "customer_contact": "+15434535",
        "customer_name": "CArl",
        "amount": 775,
        "sales_tax": 0,
        "paid_total": 775,
        "total": 775,
        "cancelled_amount": "0.00",
        "language": "en",
        "coupon_id": null,
        "parent_id": 8,
        "shop_id": 7,
        "discount": 0,
        "payment_gateway": "CASH",
        "shipping_address": {
          "zip": "42",
          "city": "4234234",
          "state": "423432",
          "country": "4324234",
          "street_address": "rtew"
        },
        "billing_address": {
          "zip": "4234",
          "city": "234234",
          "state": "234234",
          "country": "4234",
          "street_address": "423rfsd"
        },
        "logistics_provider": null,
        "delivery_fee": 0,
        "delivery_time": "Express Delivery",
        "order_status": "order-processing",
        "payment_status": "payment-cash",
        "created_at": "2023-01-01T12:02:07.000000Z",
        "customer": {
          "id": 23,
          "name": "CArl",
          "email": "new@gmail.com",
          "email_verified_at": null,
          "created_at": "2023-01-01T01:05:21.000000Z",
          "updated_at": "2023-01-01T01:05:21.000000Z",
          "is_active": 1,
          "shop_id": null
        },
        "products": [
          {
            "id": 913,
            "name": "The Red Queen",
            "slug": "the-red-queen",
            "description": "Literature astronomically is any collection of written work, but it's also used more hardly for jottings specifically considered to be an art form, especially prose fabrication, drama, and poetry. In recent centuries, the description has expanded to include oral literature, much of which has been transcribed",
            "type_id": 8,
            "price": 225,
            "shop_id": 7,
            "sale_price": 215,
            "language": "en",
            "min_price": 225,
            "max_price": 225,
            "sku": "561g651fdag/a7a48v",
            "quantity": 499,
            "in_stock": 1,
            "is_taxable": 0,
            "shipping_class_id": null,
            "status": "draft",
            "product_type": "simple",
            "unit": "1 Pc",
            "height": null,
            "width": null,
            "length": null,
            "image": {
              "id": 1647,
              "original": "https://pickbazarlaravel.s3.ap-southeast-1.amazonaws.com/1647/Literature-books-6.jpg",
              "thumbnail": "https://pickbazarlaravel.s3.ap-southeast-1.amazonaws.com/1647/conversions/Literature-books-6-thumbnail.jpg"
            },
            "video": null,
            "gallery": [],
            "deleted_at": null,
            "created_at": "2021-12-11T18:25:25.000000Z",
            "updated_at": "2023-01-01T12:02:08.000000Z",
            "author_id": 6,
            "manufacturer_id": 5,
            "is_digital": 1,
            "is_external": 0,
            "external_product_url": null,
            "external_product_button_text": null,
            "ratings": 0,
            "total_reviews": 0,
            "rating_count": [],
            "my_review": null,
            "in_wishlist": false,
            "blocked_dates": [],
            "translated_languages": ["en"],
            "pivot": {
              "order_id": 9,
              "product_id": 913,
              "order_quantity": "1",
              "unit_price": 215,
              "subtotal": 215,
              "variation_option_id": null,
              "created_at": "2023-01-01T12:02:07.000000Z",
              "updated_at": "2023-01-01T12:02:07.000000Z"
            },
            "variation_options": []
          },
          {
            "id": 934,
            "name": "Space Wars",
            "slug": "space-wars",
            "description": "Science fabrication is a kidney of academic fabrication that generally deals with imaginative and futuristic generalities similar as advanced wisdom and technology, space disquisition, time trip, resemblant worlds, and extraterrestrial life.",
            "type_id": 8,
            "price": 280,
            "shop_id": 7,
            "sale_price": 260,
            "language": "en",
            "min_price": 280,
            "max_price": 280,
            "sku": "hejukltuikmhn+fhg+n5hnhgndvn",
            "quantity": 499,
            "in_stock": 1,
            "is_taxable": 0,
            "shipping_class_id": null,
            "status": "draft",
            "product_type": "simple",
            "unit": "1 pc",
            "height": null,
            "width": null,
            "length": null,
            "image": {
              "id": 1626,
              "original": "https://pickbazarlaravel.s3.ap-southeast-1.amazonaws.com/1626/science-fiction-4.jpg",
              "thumbnail": "https://pickbazarlaravel.s3.ap-southeast-1.amazonaws.com/1626/conversions/science-fiction-4-thumbnail.jpg"
            },
            "video": null,
            "gallery": [],
            "deleted_at": null,
            "created_at": "2021-12-12T17:37:59.000000Z",
            "updated_at": "2023-01-01T12:02:08.000000Z",
            "author_id": 5,
            "manufacturer_id": 5,
            "is_digital": 1,
            "is_external": 0,
            "external_product_url": null,
            "external_product_button_text": null,
            "ratings": 0,
            "total_reviews": 0,
            "rating_count": [],
            "my_review": null,
            "in_wishlist": false,
            "blocked_dates": [],
            "translated_languages": ["en"],
            "pivot": {
              "order_id": 9,
              "product_id": 934,
              "order_quantity": "1",
              "unit_price": 260,
              "subtotal": 260,
              "variation_option_id": null,
              "created_at": "2023-01-01T12:02:07.000000Z",
              "updated_at": "2023-01-01T12:02:07.000000Z"
            },
            "variation_options": []
          },
          {
            "id": 938,
            "name": "The Hidden Planet",
            "slug": "the-hidden-planet",
            "description": "Science fabrication is a kidney of academic fabrication that generally deals with imaginative and futuristic generalities similar as advanced wisdom and technology, space disquisition, time trip, resemblant worlds, and extraterrestrial life.",
            "type_id": 8,
            "price": 300,
            "shop_id": 7,
            "sale_price": null,
            "language": "en",
            "min_price": 300,
            "max_price": 300,
            "sku": "mhjl.kjg/+g;g+jk5jk+l5gjk",
            "quantity": 499,
            "in_stock": 1,
            "is_taxable": 0,
            "shipping_class_id": null,
            "status": "draft",
            "product_type": "simple",
            "unit": "1 pc",
            "height": null,
            "width": null,
            "length": null,
            "image": {
              "id": 1622,
              "original": "https://pickbazarlaravel.s3.ap-southeast-1.amazonaws.com/1622/science-fiction.jpg",
              "thumbnail": "https://pickbazarlaravel.s3.ap-southeast-1.amazonaws.com/1622/conversions/science-fiction-thumbnail.jpg"
            },
            "video": null,
            "gallery": [],
            "deleted_at": null,
            "created_at": "2021-12-12T17:42:13.000000Z",
            "updated_at": "2023-01-01T12:02:08.000000Z",
            "author_id": 6,
            "manufacturer_id": 7,
            "is_digital": 1,
            "is_external": 0,
            "external_product_url": null,
            "external_product_button_text": null,
            "ratings": 0,
            "total_reviews": 0,
            "rating_count": [],
            "my_review": null,
            "in_wishlist": false,
            "blocked_dates": [],
            "translated_languages": ["en"],
            "pivot": {
              "order_id": 9,
              "product_id": 938,
              "order_quantity": "1",
              "unit_price": 300,
              "subtotal": 300,
              "variation_option_id": null,
              "created_at": "2023-01-01T12:02:07.000000Z",
              "updated_at": "2023-01-01T12:02:07.000000Z"
            },
            "variation_options": []
          }
        ]
      }
    ]
  },
  {
    "id": 5,
    "tracking_number": "20230101723261",
    "customer_id": 23,
    "customer_contact": "+14234324",
    "customer_name": "CArl",
    "amount": 1035,
    "sales_tax": 20.7,
    "paid_total": 1055.7,
    "total": 1055.7,
    "cancelled_amount": "0.00",
    "language": "en",
    "coupon_id": null,
    "parent_id": null,
    "shop_id": null,
    "discount": 0,
    "payment_gateway": "CASH",
    "shipping_address": {
      "zip": "42",
      "city": "4234234",
      "state": "423432",
      "country": "4324234",
      "street_address": "rtew"
    },
    "billing_address": {
      "zip": "4234",
      "city": "234234",
      "state": "234234",
      "country": "4234",
      "street_address": "423rfsd"
    },
    "logistics_provider": null,
    "delivery_fee": 0,
    "delivery_time": "Express Delivery",
    "order_status": "order-completed",
    "payment_status": "payment-cash",
    "created_at": "2023-01-01T11:36:20.000000Z",
    "customer": {
      "id": 23,
      "name": "CArl",
      "email": "new@gmail.com",
      "email_verified_at": null,
      "created_at": "2023-01-01T01:05:21.000000Z",
      "updated_at": "2023-01-01T01:05:21.000000Z",
      "is_active": 1,
      "shop_id": null
    },
    "products": [
      {
        "id": 944,
        "name": "Fleash Eater",
        "slug": "fleash-eater",
        "description": "Cerebral suspenser is a kidney combining the suspenser and cerebral fabrication stripes. It's generally used to describe literature or flicks that deal with cerebral narratives in a suspenser or thrilling setting.\nIn terms of environment and convention, it's a subgenre of the broader ranging suspenser narrative structure, with parallels to Gothic and operative fabrication in the sense of occasionally having a\" dissolving sense of reality\". It's frequently told through the standpoint of psychologically stressed characters, revealing their distorted internal comprehensions and fastening on the complex and frequently tortured connections between compulsive and pathological characters Cerebral suspensers frequently incorporate rudiments of riddle, drama, action, and paranoia. The kidney is nearly related to and occasionally overlaps with the cerebral horror kidney, the ultimate generally involving further horror and terror rudiments and themes and further disturbing or shocking scripts.",
        "type_id": 8,
        "price": 250,
        "shop_id": 7,
        "sale_price": 235,
        "language": "en",
        "min_price": 250,
        "max_price": 250,
        "sku": "kjkgljkgllhjk+ljk5l6+65k65k",
        "quantity": 498,
        "in_stock": 1,
        "is_taxable": 0,
        "shipping_class_id": null,
        "status": "draft",
        "product_type": "simple",
        "unit": "1 pc",
        "height": null,
        "width": null,
        "length": null,
        "image": {
          "id": 1615,
          "original": "https://pickbazarlaravel.s3.ap-southeast-1.amazonaws.com/1615/Thriller-1.jpg",
          "thumbnail": "https://pickbazarlaravel.s3.ap-southeast-1.amazonaws.com/1615/conversions/Thriller-1-thumbnail.jpg"
        },
        "video": null,
        "gallery": [],
        "deleted_at": null,
        "created_at": "2021-12-12T18:20:56.000000Z",
        "updated_at": "2023-01-02T10:02:20.000000Z",
        "author_id": 2,
        "manufacturer_id": 9,
        "is_digital": 1,
        "is_external": 0,
        "external_product_url": null,
        "external_product_button_text": null,
        "ratings": 0,
        "total_reviews": 0,
        "rating_count": [],
        "my_review": null,
        "in_wishlist": false,
        "blocked_dates": [],
        "translated_languages": ["en"],
        "pivot": {
          "order_id": 5,
          "product_id": 944,
          "order_quantity": "1",
          "unit_price": 235,
          "subtotal": 235,
          "variation_option_id": null,
          "created_at": "2023-01-01T11:36:20.000000Z",
          "updated_at": "2023-01-01T11:36:20.000000Z"
        },
        "variation_options": []
      },
      {
        "id": 940,
        "name": "Before The Ruins",
        "slug": "before-the-ruins",
        "description": "Cerebral suspenser is a kidney combining the suspenser and cerebral fabrication stripes. It's generally used to describe literature or flicks that deal with cerebral narratives in a suspenser or thrilling setting.\nIn terms of environment and convention, it's a subgenre of the broader ranging suspenser narrative structure, with parallels to Gothic and operative fabrication in the sense of occasionally having a\" dissolving sense of reality\". It's frequently told through the standpoint of psychologically stressed characters, revealing their distorted internal comprehensions and fastening on the complex and frequently tortured connections between compulsive and pathological characters Cerebral suspensers frequently incorporate rudiments of riddle, drama, action, and paranoia. The kidney is nearly related to and occasionally overlaps with the cerebral horror kidney, the ultimate generally involving further horror and terror rudiments and themes and further disturbing or shocking scripts.",
        "type_id": 8,
        "price": 200,
        "shop_id": 7,
        "sale_price": null,
        "language": "en",
        "min_price": 200,
        "max_price": 200,
        "sku": "kghjkhkhjk+hjkhjkhfj9+hgj9+hj9",
        "quantity": 499,
        "in_stock": 1,
        "is_taxable": 0,
        "shipping_class_id": null,
        "status": "draft",
        "product_type": "simple",
        "unit": "1 pc",
        "height": null,
        "width": null,
        "length": null,
        "image": {
          "id": 1619,
          "original": "https://pickbazarlaravel.s3.ap-southeast-1.amazonaws.com/1619/Thriller-5.jpg",
          "thumbnail": "https://pickbazarlaravel.s3.ap-southeast-1.amazonaws.com/1619/conversions/Thriller-5-thumbnail.jpg"
        },
        "video": null,
        "gallery": [],
        "deleted_at": null,
        "created_at": "2021-12-12T17:52:02.000000Z",
        "updated_at": "2023-01-01T11:36:22.000000Z",
        "author_id": 3,
        "manufacturer_id": 7,
        "is_digital": 1,
        "is_external": 0,
        "external_product_url": null,
        "external_product_button_text": null,
        "ratings": 0,
        "total_reviews": 0,
        "rating_count": [],
        "my_review": null,
        "in_wishlist": false,
        "blocked_dates": [],
        "translated_languages": ["en"],
        "pivot": {
          "order_id": 5,
          "product_id": 940,
          "order_quantity": "1",
          "unit_price": 200,
          "subtotal": 200,
          "variation_option_id": null,
          "created_at": "2023-01-01T11:36:20.000000Z",
          "updated_at": "2023-01-01T11:36:20.000000Z"
        },
        "variation_options": []
      }
    ],
    "children": [
      {
        "id": 7,
        "tracking_number": "20230101199053",
        "customer_id": 23,
        "customer_contact": "+14234324",
        "customer_name": "CArl",
        "amount": 435,
        "sales_tax": 0,
        "paid_total": 435,
        "total": 435,
        "cancelled_amount": "0.00",
        "language": "en",
        "coupon_id": null,
        "parent_id": 5,
        "shop_id": 7,
        "discount": 0,
        "payment_gateway": "CASH",
        "shipping_address": {
          "zip": "42",
          "city": "4234234",
          "state": "423432",
          "country": "4324234",
          "street_address": "rtew"
        },
        "billing_address": {
          "zip": "4234",
          "city": "234234",
          "state": "234234",
          "country": "4234",
          "street_address": "423rfsd"
        },
        "logistics_provider": null,
        "delivery_fee": 0,
        "delivery_time": "Express Delivery",
        "order_status": "order-processing",
        "payment_status": "payment-cash",
        "created_at": "2023-01-01T11:36:21.000000Z",
        "customer": {
          "id": 23,
          "name": "CArl",
          "email": "new@gmail.com",
          "email_verified_at": null,
          "created_at": "2023-01-01T01:05:21.000000Z",
          "updated_at": "2023-01-01T01:05:21.000000Z",
          "is_active": 1,
          "shop_id": null
        },
        "products": [
          {
            "id": 944,
            "name": "Fleash Eater",
            "slug": "fleash-eater",
            "description": "Cerebral suspenser is a kidney combining the suspenser and cerebral fabrication stripes. It's generally used to describe literature or flicks that deal with cerebral narratives in a suspenser or thrilling setting.\nIn terms of environment and convention, it's a subgenre of the broader ranging suspenser narrative structure, with parallels to Gothic and operative fabrication in the sense of occasionally having a\" dissolving sense of reality\". It's frequently told through the standpoint of psychologically stressed characters, revealing their distorted internal comprehensions and fastening on the complex and frequently tortured connections between compulsive and pathological characters Cerebral suspensers frequently incorporate rudiments of riddle, drama, action, and paranoia. The kidney is nearly related to and occasionally overlaps with the cerebral horror kidney, the ultimate generally involving further horror and terror rudiments and themes and further disturbing or shocking scripts.",
            "type_id": 8,
            "price": 250,
            "shop_id": 7,
            "sale_price": 235,
            "language": "en",
            "min_price": 250,
            "max_price": 250,
            "sku": "kjkgljkgllhjk+ljk5l6+65k65k",
            "quantity": 498,
            "in_stock": 1,
            "is_taxable": 0,
            "shipping_class_id": null,
            "status": "draft",
            "product_type": "simple",
            "unit": "1 pc",
            "height": null,
            "width": null,
            "length": null,
            "image": {
              "id": 1615,
              "original": "https://pickbazarlaravel.s3.ap-southeast-1.amazonaws.com/1615/Thriller-1.jpg",
              "thumbnail": "https://pickbazarlaravel.s3.ap-southeast-1.amazonaws.com/1615/conversions/Thriller-1-thumbnail.jpg"
            },
            "video": null,
            "gallery": [],
            "deleted_at": null,
            "created_at": "2021-12-12T18:20:56.000000Z",
            "updated_at": "2023-01-02T10:02:20.000000Z",
            "author_id": 2,
            "manufacturer_id": 9,
            "is_digital": 1,
            "is_external": 0,
            "external_product_url": null,
            "external_product_button_text": null,
            "ratings": 0,
            "total_reviews": 0,
            "rating_count": [],
            "my_review": null,
            "in_wishlist": false,
            "blocked_dates": [],
            "translated_languages": ["en"],
            "pivot": {
              "order_id": 7,
              "product_id": 944,
              "order_quantity": "1",
              "unit_price": 235,
              "subtotal": 235,
              "variation_option_id": null,
              "created_at": "2023-01-01T11:36:21.000000Z",
              "updated_at": "2023-01-01T11:36:21.000000Z"
            },
            "variation_options": []
          },
          {
            "id": 940,
            "name": "Before The Ruins",
            "slug": "before-the-ruins",
            "description": "Cerebral suspenser is a kidney combining the suspenser and cerebral fabrication stripes. It's generally used to describe literature or flicks that deal with cerebral narratives in a suspenser or thrilling setting.\nIn terms of environment and convention, it's a subgenre of the broader ranging suspenser narrative structure, with parallels to Gothic and operative fabrication in the sense of occasionally having a\" dissolving sense of reality\". It's frequently told through the standpoint of psychologically stressed characters, revealing their distorted internal comprehensions and fastening on the complex and frequently tortured connections between compulsive and pathological characters Cerebral suspensers frequently incorporate rudiments of riddle, drama, action, and paranoia. The kidney is nearly related to and occasionally overlaps with the cerebral horror kidney, the ultimate generally involving further horror and terror rudiments and themes and further disturbing or shocking scripts.",
            "type_id": 8,
            "price": 200,
            "shop_id": 7,
            "sale_price": null,
            "language": "en",
            "min_price": 200,
            "max_price": 200,
            "sku": "kghjkhkhjk+hjkhjkhfj9+hgj9+hj9",
            "quantity": 499,
            "in_stock": 1,
            "is_taxable": 0,
            "shipping_class_id": null,
            "status": "draft",
            "product_type": "simple",
            "unit": "1 pc",
            "height": null,
            "width": null,
            "length": null,
            "image": {
              "id": 1619,
              "original": "https://pickbazarlaravel.s3.ap-southeast-1.amazonaws.com/1619/Thriller-5.jpg",
              "thumbnail": "https://pickbazarlaravel.s3.ap-southeast-1.amazonaws.com/1619/conversions/Thriller-5-thumbnail.jpg"
            },
            "video": null,
            "gallery": [],
            "deleted_at": null,
            "created_at": "2021-12-12T17:52:02.000000Z",
            "updated_at": "2023-01-01T11:36:22.000000Z",
            "author_id": 3,
            "manufacturer_id": 7,
            "is_digital": 1,
            "is_external": 0,
            "external_product_url": null,
            "external_product_button_text": null,
            "ratings": 0,
            "total_reviews": 0,
            "rating_count": [],
            "my_review": null,
            "in_wishlist": false,
            "blocked_dates": [],
            "translated_languages": ["en"],
            "pivot": {
              "order_id": 7,
              "product_id": 940,
              "order_quantity": "1",
              "unit_price": 200,
              "subtotal": 200,
              "variation_option_id": null,
              "created_at": "2023-01-01T11:36:21.000000Z",
              "updated_at": "2023-01-01T11:36:21.000000Z"
            },
            "variation_options": []
          }
        ]
      },
      {
        "id": 6,
        "tracking_number": "20230101670090",
        "customer_id": 23,
        "customer_contact": "+14234324",
        "customer_name": "CArl",
        "amount": 600,
        "sales_tax": 0,
        "paid_total": 600,
        "total": 600,
        "cancelled_amount": "0.00",
        "language": "en",
        "coupon_id": null,
        "parent_id": 5,
        "shop_id": 15,
        "discount": 0,
        "payment_gateway": "CASH",
        "shipping_address": {
          "zip": "42",
          "city": "4234234",
          "state": "423432",
          "country": "4324234",
          "street_address": "rtew"
        },
        "billing_address": {
          "zip": "4234",
          "city": "234234",
          "state": "234234",
          "country": "4234",
          "street_address": "423rfsd"
        },
        "logistics_provider": null,
        "delivery_fee": 0,
        "delivery_time": "Express Delivery",
        "order_status": "order-processing",
        "payment_status": "payment-cash",
        "created_at": "2023-01-01T11:36:20.000000Z",
        "customer": {
          "id": 23,
          "name": "CArl",
          "email": "new@gmail.com",
          "email_verified_at": null,
          "created_at": "2023-01-01T01:05:21.000000Z",
          "updated_at": "2023-01-01T01:05:21.000000Z",
          "is_active": 1,
          "shop_id": null
        },
        "products": []
      }
    ]
  },
  {
    "id": 3,
    "tracking_number": "20230101330724",
    "customer_id": 17,
    "customer_contact": "+14635463456",
    "customer_name": "Rich Test",
    "amount": 100,
    "sales_tax": 0,
    "paid_total": 0,
    "total": 0,
    "cancelled_amount": "152.00",
    "language": "en",
    "coupon_id": null,
    "parent_id": null,
    "shop_id": null,
    "discount": 0,
    "payment_gateway": "CASH",
    "shipping_address": {
      "zip": "fgds",
      "city": "sfsdafsd",
      "state": "fdsafsdaf",
      "country": "dfsdafdsf",
      "street_address": "fsdfsdf"
    },
    "billing_address": {
      "zip": "fsdfsdf",
      "city": "ffsdfsdf",
      "state": "fsdfsd",
      "country": "fsdfsds",
      "street_address": "fsdfdsf"
    },
    "logistics_provider": null,
    "delivery_fee": 0,
    "delivery_time": "Express Delivery",
    "order_status": "order-cancelled",
    "payment_status": "payment-cash",
    "created_at": "2023-01-01T04:33:17.000000Z",
    "customer": {
      "id": 17,
      "name": "Rich Test",
      "email": "richtest@gmail.com",
      "email_verified_at": null,
      "created_at": "2022-12-27T09:37:49.000000Z",
      "updated_at": "2022-12-27T17:11:28.000000Z",
      "is_active": 1,
      "shop_id": null
    },
    "products": [
      {
        "id": 950,
        "name": "test product",
        "slug": "test-product",
        "description": null,
        "type_id": 2,
        "price": 100,
        "shop_id": 5,
        "sale_price": null,
        "language": "en",
        "min_price": 100,
        "max_price": 100,
        "sku": "asdasdsad",
        "quantity": 99,
        "in_stock": 1,
        "is_taxable": 0,
        "shipping_class_id": null,
        "status": "draft",
        "product_type": "simple",
        "unit": "100",
        "height": null,
        "width": null,
        "length": "",
        "image": {
          "id": "1709",
          "original": "https://pickbazarlaravel.s3.ap-southeast-1.amazonaws.com/1709/pickbazar-support-1.png",
          "thumbnail": "https://pickbazarlaravel.s3.ap-southeast-1.amazonaws.com/1709/conversions/pickbazar-support-1-thumbnail.jpg"
        },
        "video": null,
        "gallery": [],
        "deleted_at": null,
        "created_at": "2022-12-26T02:41:10.000000Z",
        "updated_at": "2023-01-02T10:02:20.000000Z",
        "author_id": null,
        "manufacturer_id": null,
        "is_digital": 0,
        "is_external": 1,
        "external_product_url": null,
        "external_product_button_text": null,
        "ratings": 0,
        "total_reviews": 0,
        "rating_count": [],
        "my_review": null,
        "in_wishlist": false,
        "blocked_dates": [],
        "translated_languages": ["en"],
        "pivot": {
          "order_id": 3,
          "product_id": 950,
          "order_quantity": "1",
          "unit_price": 100,
          "subtotal": 100,
          "variation_option_id": null,
          "created_at": "2023-01-01T04:33:17.000000Z",
          "updated_at": "2023-01-01T04:33:17.000000Z"
        },
        "variation_options": []
      }
    ],
    "children": [
      {
        "id": 4,
        "tracking_number": "20230101580970",
        "customer_id": 17,
        "customer_contact": "+14635463456",
        "customer_name": "Rich Test",
        "amount": 100,
        "sales_tax": 0,
        "paid_total": 0,
        "total": 0,
        "cancelled_amount": "100.00",
        "language": "en",
        "coupon_id": null,
        "parent_id": 3,
        "shop_id": 5,
        "discount": 0,
        "payment_gateway": "CASH",
        "shipping_address": {
          "zip": "fgds",
          "city": "sfsdafsd",
          "state": "fdsafsdaf",
          "country": "dfsdafdsf",
          "street_address": "fsdfsdf"
        },
        "billing_address": {
          "zip": "fsdfsdf",
          "city": "ffsdfsdf",
          "state": "fsdfsd",
          "country": "fsdfsds",
          "street_address": "fsdfdsf"
        },
        "logistics_provider": null,
        "delivery_fee": 0,
        "delivery_time": "Express Delivery",
        "order_status": "order-cancelled",
        "payment_status": "payment-cash",
        "created_at": "2023-01-01T04:33:17.000000Z",
        "customer": {
          "id": 17,
          "name": "Rich Test",
          "email": "richtest@gmail.com",
          "email_verified_at": null,
          "created_at": "2022-12-27T09:37:49.000000Z",
          "updated_at": "2022-12-27T17:11:28.000000Z",
          "is_active": 1,
          "shop_id": null
        },
        "products": [
          {
            "id": 950,
            "name": "test product",
            "slug": "test-product",
            "description": null,
            "type_id": 2,
            "price": 100,
            "shop_id": 5,
            "sale_price": null,
            "language": "en",
            "min_price": 100,
            "max_price": 100,
            "sku": "asdasdsad",
            "quantity": 99,
            "in_stock": 1,
            "is_taxable": 0,
            "shipping_class_id": null,
            "status": "draft",
            "product_type": "simple",
            "unit": "100",
            "height": null,
            "width": null,
            "length": "",
            "image": {
              "id": "1709",
              "original": "https://pickbazarlaravel.s3.ap-southeast-1.amazonaws.com/1709/pickbazar-support-1.png",
              "thumbnail": "https://pickbazarlaravel.s3.ap-southeast-1.amazonaws.com/1709/conversions/pickbazar-support-1-thumbnail.jpg"
            },
            "video": null,
            "gallery": [],
            "deleted_at": null,
            "created_at": "2022-12-26T02:41:10.000000Z",
            "updated_at": "2023-01-02T10:02:20.000000Z",
            "author_id": null,
            "manufacturer_id": null,
            "is_digital": 0,
            "is_external": 1,
            "external_product_url": null,
            "external_product_button_text": null,
            "ratings": 0,
            "total_reviews": 0,
            "rating_count": [],
            "my_review": null,
            "in_wishlist": false,
            "blocked_dates": [],
            "translated_languages": ["en"],
            "pivot": {
              "order_id": 4,
              "product_id": 950,
              "order_quantity": "1",
              "unit_price": 100,
              "subtotal": 100,
              "variation_option_id": null,
              "created_at": "2023-01-01T04:33:17.000000Z",
              "updated_at": "2023-01-01T04:33:17.000000Z"
            },
            "variation_options": []
          }
        ]
      }
    ]
  },














{
"id": 1,
"tracking_number": "20221226259925",
"customer_id": 2,
"customer_contact": "19365141641631",
"customer_name": "Customer",
"amount": 5.5,
"sales_tax": 0,
"paid_total": 0,
"total": 0,
"cancelled_amount": "55.61",
"language": "en",
"coupon_id": null,
"parent_id": null,
"shop_id": null,
"discount": 0,
"payment_gateway": "CASH_ON_DELIVERY",
"shipping_address": {
"zip": "40391",
"city": "Winchester",
"state": "KY",
"country": "United States",
"street_address": "2148  Straford Park"
},
"billing_address": {
"zip": "99614",
"city": "Kipnuk",
"state": "AK",
"country": "United States",
"street_address": "2231 Kidd Avenue"
},
"logistics_provider": null,
"delivery_fee": 0,
"delivery_time": "Express Delivery",
"order_status": "order-cancelled",
"payment_status": "payment-cash-on-delivery",
"created_at": "2022-12-26T02:52:07.000000Z",
"customer": {
"id": 2,
"name": "Customer",
"email": "customer@demo.com",
"email_verified_at": null,
"created_at": "2021-08-18T10:30:29.000000Z",
"updated_at": "2021-08-18T13:17:53.000000Z",
"is_active": 1,
"shop_id": null
},
"products": [
{
"id": 470,
"name": "Sun Tropics Organic Mango Nectar,250ml",
"slug": "sun-tropics-organic-mango-nectar-250ml",
"description": "Juice is a drink made from the extraction or pressing of the natural liquid contained in fruit and vegetables. It can also refer to liquids that are flavored with concentrate or other biological food sources, such as meat or seafood, such as clam juice",
"type_id": 2,
"price": 2.25,
"shop_id": 5,
"sale_price": null,
"language": "en",
"min_price": 2.25,
"max_price": 2.25,
"sku": "3003",
"quantity": 50,
"in_stock": 1,
"is_taxable": 0,
"shipping_class_id": null,
"status": "draft",
"product_type": "simple",
"unit": "1 pc(s)",
"height": null,
"width": null,
"length": null,
"image": {
"id": "493",
"original": "https://pickbazarlaravel.s3.ap-southeast-1.amazonaws.com/492/Juice-1_lx8xnf.jpg",
"thumbnail": "https://pickbazarlaravel.s3.ap-southeast-1.amazonaws.com/492/conversions/Juice-1_lx8xnf-thumbnail.jpg"
},
"video": null,
"gallery": [],
"deleted_at": null,
"created_at": "2021-03-14T09:16:18.000000Z",
"updated_at": "2022-12-31T16:13:16.000000Z",
"author_id": null,
"manufacturer_id": null,
"is_digital": 0,
"is_external": 0,
"external_product_url": null,
"external_product_button_text": null,
"ratings": 0,
"total_reviews": 0,
"rating_count": [],
"my_review": null,
"in_wishlist": false,
"blocked_dates": [],
"translated_languages": ["en"],
"pivot": {
"order_id": 1,
"product_id": 470,
"order_quantity": "1",
"unit_price": 2.25,
"subtotal": 2.25,
"variation_option_id": null,
"created_at": "2022-12-26T02:52:07.000000Z",
"updated_at": "2022-12-26T02:52:07.000000Z"
},
"variation_options": []
},
{
"id": 471,
"name": "Pressed Juicery Super Citrus Plus, 200ml",
"slug": "pressed-juicery-super-citrus-plus-200ml",
"description": "Juice is a drink made from the extraction or pressing of the natural liquid contained in fruit and vegetables. It can also refer to liquids that are flavored with concentrate or other biological food sources, such as meat or seafood, such as clam juice...",
"type_id": 2,
"price": 1.25,
"shop_id": 5,
"sale_price": null,
"language": "en",
"min_price": 1.25,
"max_price": 1.25,
"sku": "3004",
"quantity": 50,
"in_stock": 1,
"is_taxable": 0,
"shipping_class_id": null,
"status": "draft",
"product_type": "simple",
"unit": "1 pc(s)",
"height": null,
"width": null,
"length": null,
"image": {
"id": "494",
"original": "https://pickbazarlaravel.s3.ap-southeast-1.amazonaws.com/493/Juice2_lnhqsp.jpg",
"thumbnail": "https://pickbazarlaravel.s3.ap-southeast-1.amazonaws.com/493/conversions/Juice2_lnhqsp-thumbnail.jpg"
},
"video": null,
"gallery": [
{
"id": "797",
"original": "https://pickbazarlaravel.s3.ap-southeast-1.amazonaws.com/795/Juice2_lnhqsp.jpg",
"thumbnail": "https://pickbazarlaravel.s3.ap-southeast-1.amazonaws.com/795/conversions/Juice2_lnhqsp-thumbnail.jpg"
},
{
"id": "798",
"original": "https://pickbazarlaravel.s3.ap-southeast-1.amazonaws.com/796/Juice2_lnhqsp.jpg",
"thumbnail": "https://pickbazarlaravel.s3.ap-southeast-1.amazonaws.com/796/conversions/Juice2_lnhqsp-thumbnail.jpg"
}
],
"deleted_at": null,
"created_at": "2021-03-14T09:17:12.000000Z",
"updated_at": "2022-12-31T16:13:16.000000Z",
"author_id": null,
"manufacturer_id": null,
"is_digital": 0,
"is_external": 0,
"external_product_url": null,
"external_product_button_text": null,
"ratings": 0,
"total_reviews": 0,
"rating_count": [],
"my_review": null,
"in_wishlist": false,
"blocked_dates": [],
"translated_languages": ["en"],
"pivot": {
"order_id": 1,
"product_id": 471,
"order_quantity": "1",
"unit_price": 1.25,
"subtotal": 1.25,
"variation_option_id": null,
"created_at": "2022-12-26T02:52:07.000000Z",
"updated_at": "2022-12-26T02:52:07.000000Z"
},
"variation_options": []
}
],
"children": [
{
"id": 2,
"tracking_number": "20221226563910",
"customer_id": 2,
"customer_contact": "19365141641631",
"customer_name": "Customer",
"amount": 5.5,
"sales_tax": 0,
"paid_total": 0,
"total": 0,
"cancelled_amount": "5.50",
"language": "en",
"coupon_id": null,
"parent_id": 1,
"shop_id": 5,
"discount": 0,
"payment_gateway": "CASH_ON_DELIVERY",
"shipping_address": {
"zip": "40391",
"city": "Winchester",
"state": "KY",
"country": "United States",
"street_address": "2148  Straford Park"
},
"billing_address": {
"zip": "99614",
"city": "Kipnuk",
"state": "AK",
"country": "United States",
"street_address": "2231 Kidd Avenue"
},
"logistics_provider": null,
"delivery_fee": 0,
"delivery_time": "Express Delivery",
"order_status": "order-cancelled",
"payment_status": "payment-cash-on-delivery",
"created_at": "2022-12-26T02:52:07.000000Z",
"customer": {
"id": 2,
"name": "Customer",
"email": "customer@demo.com",
"email_verified_at": null,
"created_at": "2021-08-18T10:30:29.000000Z",
"updated_at": "2021-08-18T13:17:53.000000Z",
"is_active": 1,
"shop_id": null
},
"products": [
{
"id": 470,
"name": "Sun Tropics Organic Mango Nectar,250ml",
"slug": "sun-tropics-organic-mango-nectar-250ml",
"description": "Juice is a drink made from the extraction or pressing of the natural liquid contained in fruit and vegetables. It can also refer to liquids that are flavored with concentrate or other biological food sources, such as meat or seafood, such as clam juice",
"type_id": 2,
"price": 2.25,
"shop_id": 5,
"sale_price": null,
"language": "en",
"min_price": 2.25,
"max_price": 2.25,
"sku": "3003",
"quantity": 50,
"in_stock": 1,
"is_taxable": 0,
"shipping_class_id": null,
"status": "draft",
"product_type": "simple",
"unit": "1 pc(s)",
"height": null,
"width": null,
"length": null,
"image": {
"id": "493",
"original": "https://pickbazarlaravel.s3.ap-southeast-1.amazonaws.com/492/Juice-1_lx8xnf.jpg",
"thumbnail": "https://pickbazarlaravel.s3.ap-southeast-1.amazonaws.com/492/conversions/Juice-1_lx8xnf-thumbnail.jpg"
},
"video": null,
"gallery": [],
"deleted_at": null,
"created_at": "2021-03-14T09:16:18.000000Z",
"updated_at": "2022-12-31T16:13:16.000000Z",
"author_id": null,
"manufacturer_id": null,
"is_digital": 0,
"is_external": 0,
"external_product_url": null,
"external_product_button_text": null,
"ratings": 0,
"total_reviews": 0,
"rating_count": [],
"my_review": null,
"in_wishlist": false,
"blocked_dates": [],
"translated_languages": ["en"],
"pivot": {
"order_id": 2,
"product_id": 470,
"order_quantity": "1",
"unit_price": 2.25,
"subtotal": 2.25,
"variation_option_id": null,
"created_at": "2022-12-26T02:52:07.000000Z",
"updated_at": "2022-12-26T02:52:07.000000Z"
},
"variation_options": []
},
{
"id": 471,
"name": "Pressed Juicery Super Citrus Plus, 200ml",
"slug": "pressed-juicery-super-citrus-plus-200ml",
"description": "Juice is a drink made from the extraction or pressing of the natural liquid contained in fruit and vegetables. It can also refer to liquids that are flavored with concentrate or other biological food sources, such as meat or seafood, such as clam juice...",
"type_id": 2,
"price": 1.25,
"shop_id": 5,
"sale_price": null,
"language": "en",
"min_price": 1.25,
"max_price": 1.25,
"sku": "3004",
"quantity": 50,
"in_stock": 1,
"is_taxable": 0,
"shipping_class_id": null,
"status": "draft",
"product_type": "simple",
"unit": "1 pc(s)",
"height": null,
"width": null,
"length": null,
"image": {
"id": "494",
"original": "https://pickbazarlaravel.s3.ap-southeast-1.amazonaws.com/493/Juice2_lnhqsp.jpg",
"thumbnail": "https://pickbazarlaravel.s3.ap-southeast-1.amazonaws.com/493/conversions/Juice2_lnhqsp-thumbnail.jpg"
},
"video": null,
"gallery": [
{
"id": "797",
"original": "https://pickbazarlaravel.s3.ap-southeast-1.amazonaws.com/795/Juice2_lnhqsp.jpg",
"thumbnail": "https://pickbazarlaravel.s3.ap-southeast-1.amazonaws.com/795/conversions/Juice2_lnhqsp-thumbnail.jpg"
},
{
"id": "798",
"original": "https://pickbazarlaravel.s3.ap-southeast-1.amazonaws.com/796/Juice2_lnhqsp.jpg",
"thumbnail": "https://pickbazarlaravel.s3.ap-southeast-1.amazonaws.com/796/conversions/Juice2_lnhqsp-thumbnail.jpg"
}
],
"deleted_at": null,
"created_at": "2021-03-14T09:17:12.000000Z",
"updated_at": "2022-12-31T16:13:16.000000Z",
"author_id": null,
"manufacturer_id": null,
"is_digital": 0,
"is_external": 0,
"external_product_url": null,
"external_product_button_text": null,
"ratings": 0,
"total_reviews": 0,
"rating_count": [],
"my_review": null,
"in_wishlist": false,
"blocked_dates": [],
"translated_languages": ["en"],
"pivot": {
"order_id": 2,
"product_id": 471,
"order_quantity": "1",
"unit_price": 1.25,
"subtotal": 1.25,
"variation_option_id": null,
"created_at": "2022-12-26T02:52:07.000000Z",
"updated_at": "2022-12-26T02:52:07.000000Z"
},
"variation_options": []
}
]
}
]
}
]
