[
  {
    "id": 1,
    "name": "Too cool publication",
    "is_approved": 1,
    "image": {
      "id": 1410,
      "original": "https://pickbazarlaravel.s3.ap-southeast-1.amazonaws.com/1410/Publisher-logo-2.png",
      "thumbnail": "https://pickbazarlaravel.s3.ap-southeast-1.amazonaws.com/1410/conversions/Publisher-logo-2-thumbnail.jpg"
    },
    "cover_image": {
      "id": 1388,
      "original": "https://pickbazarlaravel.s3.ap-southeast-1.amazonaws.com/1388/Publisher-banner-2.png",
      "thumbnail": "https://pickbazarlaravel.s3.ap-southeast-1.amazonaws.com/1388/conversions/Publisher-banner-2-thumbnail.jpg"
    },
    "slug": "too-cool-publication",
    "language": "en",
    "type_id": 8,
    "description": "To publish is to make content available to the generalpublic.While specific use of the term may vary among countries, it's generally applied to textbook, images, or other audio-visual content, including paper ( journals, magazines, registers,etc.). The word publication means the act of publishing, and also any published clones issued for public distribution.",
    "website": "https://redq.io/",
    "socials": [
      {
        "url": "https://www.facebook.com/redqinc/",
        "icon": "FacebookIcon"
      },
      {
        "url": "https://www.instagram.com/redqinc/",
        "icon": "InstagramIcon"
      },
      {
        "url": "https://www.youtube.com/channel/UCjld1tyVHRNy_pe3ROLiLhw",
        "icon": "YouTubeIcon"
      }
    ],
    "created_at": "2021-12-07T16:42:04.000000Z",
    "updated_at": "2021-12-14T14:53:02.000000Z",
    "products_count": 8,
    "translated_languages": [
      "en"
    ],
    "type": {
      "id": 8,
      "name": "Books",
      "settings": {
        "isHome": false,
        "layoutType": "compact",
        "productCard": "radon"
      },
      "slug": "books",
      "language": "en",
      "icon": "BookIcon",
      "promotional_sliders": [],
      "created_at": "2021-12-07T16:30:18.000000Z",
      "updated_at": "2021-12-08T13:06:56.000000Z",
      "translated_languages": [
        "en"
      ]
    }
  },
  {
    "id": 2,
    "name": "Jeremy Publications",
    "is_approved": 1,
    "image": {
      "id": 1409,
      "original": "https://pickbazarlaravel.s3.ap-southeast-1.amazonaws.com/1409/Publisher-logo-1.png",
      "thumbnail": "https://pickbazarlaravel.s3.ap-southeast-1.amazonaws.com/1409/conversions/Publisher-logo-1-thumbnail.jpg"
    },
    "cover_image": {
      "id": 1386,
      "original": "https://pickbazarlaravel.s3.ap-southeast-1.amazonaws.com/1386/Publisher-banner-1.png",
      "thumbnail": "https://pickbazarlaravel.s3.ap-southeast-1.amazonaws.com/1386/conversions/Publisher-banner-1-thumbnail.jpg"
    },
    "slug": "jeremy-publications",
    "language": "en",
    "type_id": 8,
    "description": "To publish is to make content available to the generalpublic.While specific use of the term may vary among countries, it's generally applied to textbook, images, or other audio-visual content, including paper ( journals, magazines, registers,etc.). The word publication means the act of publishing, and also any published clones issued for public distribution.",
    "website": "https://redq.io/",
    "socials": [
      {
        "url": "https://www.facebook.com/redqinc/",
        "icon": "FacebookIcon"
      },
      {
        "url": "https://www.instagram.com/redqinc/",
        "icon": "InstagramIcon"
      },
      {
        "url": "https://www.youtube.com/channel/UCjld1tyVHRNy_pe3ROLiLhw",
        "icon": "YouTubeIcon"
      }
    ],
    "created_at": "2021-12-07T16:42:38.000000Z",
    "updated_at": "2021-12-14T14:52:47.000000Z",
    "products_count": 11,
    "translated_languages": [
      "en"
    ],
    "type": {
      "id": 8,
      "name": "Books",
      "settings": {
        "isHome": false,
        "layoutType": "compact",
        "productCard": "radon"
      },
      "slug": "books",
      "language": "en",
      "icon": "BookIcon",
      "promotional_sliders": [],
      "created_at": "2021-12-07T16:30:18.000000Z",
      "updated_at": "2021-12-08T13:06:56.000000Z",
      "translated_languages": [
        "en"
      ]
    }
  },
  {
    "id": 3,
    "name": "Wonder Publications",
    "is_approved": 1,
    "image": {
      "id": 1408,
      "original": "https://pickbazarlaravel.s3.ap-southeast-1.amazonaws.com/1408/Publisher-logo-3.png",
      "thumbnail": "https://pickbazarlaravel.s3.ap-southeast-1.amazonaws.com/1408/conversions/Publisher-logo-3-thumbnail.jpg"
    },
    "cover_image": {
      "id": 1390,
      "original": "https://pickbazarlaravel.s3.ap-southeast-1.amazonaws.com/1390/Publisher-banner-3.png",
      "thumbnail": "https://pickbazarlaravel.s3.ap-southeast-1.amazonaws.com/1390/conversions/Publisher-banner-3-thumbnail.jpg"
    },
    "slug": "wonder-publications",
    "language": "en",
    "type_id": 8,
    "description": "To publish is to make content available to the generalpublic.While specific use of the term may vary among countries, it's generally applied to textbook, images, or other audio-visual content, including paper ( journals, magazines, registers,etc.). The word publication means the act of publishing, and also any published clones issued for public distribution.",
    "website": null,
    "socials": [
      {
        "url": "https://www.facebook.com/redqinc/",
        "icon": "FacebookIcon"
      },
      {
        "url": "https://www.instagram.com/redqinc/",
        "icon": "InstagramIcon"
      },
      {
        "url": "https://www.youtube.com/channel/UCjld1tyVHRNy_pe3ROLiLhw",
        "icon": "YouTubeIcon"
      }
    ],
    "created_at": "2021-12-08T14:22:49.000000Z",
    "updated_at": "2021-12-14T14:52:33.000000Z",
    "products_count": 13,
    "translated_languages": [
      "en"
    ],
    "type": {
      "id": 8,
      "name": "Books",
      "settings": {
        "isHome": false,
        "layoutType": "compact",
        "productCard": "radon"
      },
      "slug": "books",
      "language": "en",
      "icon": "BookIcon",
      "promotional_sliders": [],
      "created_at": "2021-12-07T16:30:18.000000Z",
      "updated_at": "2021-12-08T13:06:56.000000Z",
      "translated_languages": [
        "en"
      ]
    }
  },
  {
    "id": 4,
    "name": "Super Publication",
    "is_approved": 1,
    "image": {
      "id": 1407,
      "original": "https://pickbazarlaravel.s3.ap-southeast-1.amazonaws.com/1407/Publisher-logo-4.png",
      "thumbnail": "https://pickbazarlaravel.s3.ap-southeast-1.amazonaws.com/1407/conversions/Publisher-logo-4-thumbnail.jpg"
    },
    "cover_image": {
      "id": 1392,
      "original": "https://pickbazarlaravel.s3.ap-southeast-1.amazonaws.com/1392/Publisher-banner-4.png",
      "thumbnail": "https://pickbazarlaravel.s3.ap-southeast-1.amazonaws.com/1392/conversions/Publisher-banner-4-thumbnail.jpg"
    },
    "slug": "super-publication",
    "language": "en",
    "type_id": 8,
    "description": "To publish is to make content available to the generalpublic.While specific use of the term may vary among countries, it's generally applied to textbook, images, or other audio-visual content, including paper ( journals, magazines, registers,etc.). The word publication means the act of publishing, and also any published clones issued for public distribution.",
    "website": null,
    "socials": [],
    "created_at": "2021-12-08T14:23:14.000000Z",
    "updated_at": "2021-12-09T07:27:47.000000Z",
    "products_count": 13,
    "translated_languages": [
      "en"
    ],
    "type": {
      "id": 8,
      "name": "Books",
      "settings": {
        "isHome": false,
        "layoutType": "compact",
        "productCard": "radon"
      },
      "slug": "books",
      "language": "en",
      "icon": "BookIcon",
      "promotional_sliders": [],
      "created_at": "2021-12-07T16:30:18.000000Z",
      "updated_at": "2021-12-08T13:06:56.000000Z",
      "translated_languages": [
        "en"
      ]
    }
  },
  {
    "id": 5,
    "name": "Poppy Publication",
    "is_approved": 1,
    "image": {
      "id": 1406,
      "original": "https://pickbazarlaravel.s3.ap-southeast-1.amazonaws.com/1406/Publisher-logo-5.png",
      "thumbnail": "https://pickbazarlaravel.s3.ap-southeast-1.amazonaws.com/1406/conversions/Publisher-logo-5-thumbnail.jpg"
    },
    "cover_image": {
      "id": 1394,
      "original": "https://pickbazarlaravel.s3.ap-southeast-1.amazonaws.com/1394/Publisher-banner-5.png",
      "thumbnail": "https://pickbazarlaravel.s3.ap-southeast-1.amazonaws.com/1394/conversions/Publisher-banner-5-thumbnail.jpg"
    },
    "slug": "poppy-publication",
    "language": "en",
    "type_id": 8,
    "description": "To publish is to make content available to the generalpublic.While specific use of the term may vary among countries, it's generally applied to textbook, images, or other audio-visual content, including paper ( journals, magazines, registers,etc.). The word publication means the act of publishing, and also any published clones issued for public distribution.",
    "website": null,
    "socials": [
      {
        "url": "https://www.youtube.com/channel/UCjld1tyVHRNy_pe3ROLiLhw",
        "icon": "YouTubeIcon"
      },
      {
        "url": "https://www.instagram.com/redqinc/",
        "icon": "InstagramIcon"
      },
      {
        "url": "https://www.facebook.com/redqinc/",
        "icon": "FacebookIcon"
      }
    ],
    "created_at": "2021-12-08T14:23:36.000000Z",
    "updated_at": "2021-12-14T14:51:34.000000Z",
    "products_count": 7,
    "translated_languages": [
      "en"
    ],
    "type": {
      "id": 8,
      "name": "Books",
      "settings": {
        "isHome": false,
        "layoutType": "compact",
        "productCard": "radon"
      },
      "slug": "books",
      "language": "en",
      "icon": "BookIcon",
      "promotional_sliders": [],
      "created_at": "2021-12-07T16:30:18.000000Z",
      "updated_at": "2021-12-08T13:06:56.000000Z",
      "translated_languages": [
        "en"
      ]
    }
  },
  {
    "id": 6,
    "name": "ABC Publication",
    "is_approved": 1,
    "image": {
      "id": 1405,
      "original": "https://pickbazarlaravel.s3.ap-southeast-1.amazonaws.com/1405/Publisher-logo-6.png",
      "thumbnail": "https://pickbazarlaravel.s3.ap-southeast-1.amazonaws.com/1405/conversions/Publisher-logo-6-thumbnail.jpg"
    },
    "cover_image": {
      "id": 1396,
      "original": "https://pickbazarlaravel.s3.ap-southeast-1.amazonaws.com/1396/Publisher-banner-6.png",
      "thumbnail": "https://pickbazarlaravel.s3.ap-southeast-1.amazonaws.com/1396/conversions/Publisher-banner-6-thumbnail.jpg"
    },
    "slug": "abc-publication",
    "language": "en",
    "type_id": 8,
    "description": "To publish is to make content available to the generalpublic.While specific use of the term may vary among countries, it's generally applied to textbook, images, or other audio-visual content, including paper ( journals, magazines, registers,etc.). The word publication means the act of publishing, and also any published clones issued for public distribution.",
    "website": null,
    "socials": [
      {
        "url": "https://www.youtube.com/channel/UCjld1tyVHRNy_pe3ROLiLhw",
        "icon": "YouTubeIcon"
      },
      {
        "url": "https://www.instagram.com/redqinc/",
        "icon": "InstagramIcon"
      },
      {
        "url": "https://www.facebook.com/redqinc/",
        "icon": "FacebookIcon"
      }
    ],
    "created_at": "2021-12-08T14:23:57.000000Z",
    "updated_at": "2021-12-14T14:51:25.000000Z",
    "products_count": 5,
    "translated_languages": [
      "en"
    ],
    "type": {
      "id": 8,
      "name": "Books",
      "settings": {
        "isHome": false,
        "layoutType": "compact",
        "productCard": "radon"
      },
      "slug": "books",
      "language": "en",
      "icon": "BookIcon",
      "promotional_sliders": [],
      "created_at": "2021-12-07T16:30:18.000000Z",
      "updated_at": "2021-12-08T13:06:56.000000Z",
      "translated_languages": [
        "en"
      ]
    }
  },
  {
    "id": 7,
    "name": "Be Publication",
    "is_approved": 1,
    "image": {
      "id": 1560,
      "original": "https://pickbazarlaravel.s3.ap-southeast-1.amazonaws.com/1560/Publisher-logo-8.png",
      "thumbnail": "https://pickbazarlaravel.s3.ap-southeast-1.amazonaws.com/1560/conversions/Publisher-logo-8-thumbnail.jpg"
    },
    "cover_image": {
      "id": 1559,
      "original": "https://pickbazarlaravel.s3.ap-southeast-1.amazonaws.com/1559/Publisher-banner-8.png",
      "thumbnail": "https://pickbazarlaravel.s3.ap-southeast-1.amazonaws.com/1559/conversions/Publisher-banner-8-thumbnail.jpg"
    },
    "slug": "be-publication",
    "language": "en",
    "type_id": 8,
    "description": "To publish is to make content available to the generalpublic.While specific use of the term may vary among countries, it's generally applied to textbook, images, or other audio-visual content, including paper ( journals, magazines, registers,etc.). The word publication means the act of publishing, and also any published clones issued for public distribution.",
    "website": null,
    "socials": [
      {
        "url": "https://www.facebook.com/redqinc/",
        "icon": "FacebookIcon"
      },
      {
        "url": "https://www.instagram.com/redqinc/",
        "icon": "InstagramIcon"
      },
      {
        "url": "https://www.youtube.com/channel/UCjld1tyVHRNy_pe3ROLiLhw",
        "icon": "YouTubeIcon"
      }
    ],
    "created_at": "2021-12-14T14:45:31.000000Z",
    "updated_at": "2021-12-14T16:35:00.000000Z",
    "products_count": 3,
    "translated_languages": [
      "en"
    ],
    "type": {
      "id": 8,
      "name": "Books",
      "settings": {
        "isHome": false,
        "layoutType": "compact",
        "productCard": "radon"
      },
      "slug": "books",
      "language": "en",
      "icon": "BookIcon",
      "promotional_sliders": [],
      "created_at": "2021-12-07T16:30:18.000000Z",
      "updated_at": "2021-12-08T13:06:56.000000Z",
      "translated_languages": [
        "en"
      ]
    }
  },
  {
    "id": 8,
    "name": "Odien Publication",
    "is_approved": 1,
    "image": {
      "id": 1562,
      "original": "https://pickbazarlaravel.s3.ap-southeast-1.amazonaws.com/1562/Publisher-logo-9.png",
      "thumbnail": "https://pickbazarlaravel.s3.ap-southeast-1.amazonaws.com/1562/conversions/Publisher-logo-9-thumbnail.jpg"
    },
    "cover_image": {
      "id": 1561,
      "original": "https://pickbazarlaravel.s3.ap-southeast-1.amazonaws.com/1561/Publisher-banner-9.png",
      "thumbnail": "https://pickbazarlaravel.s3.ap-southeast-1.amazonaws.com/1561/conversions/Publisher-banner-9-thumbnail.jpg"
    },
    "slug": "odien-publication",
    "language": "en",
    "type_id": 8,
    "description": "To publish is to make content available to the generalpublic.While specific use of the term may vary among countries, it's generally applied to textbook, images, or other audio-visual content, including paper ( journals, magazines, registers,etc.). The word publication means the act of publishing, and also any published clones issued for public distribution.",
    "website": null,
    "socials": [
      {
        "url": "https://www.youtube.com/channel/UCjld1tyVHRNy_pe3ROLiLhw",
        "icon": "YouTubeIcon"
      },
      {
        "url": "https://www.instagram.com/redqinc/",
        "icon": "InstagramIcon"
      },
      {
        "url": "https://www.facebook.com/redqinc/",
        "icon": "FacebookIcon"
      }
    ],
    "created_at": "2021-12-14T14:45:52.000000Z",
    "updated_at": "2021-12-14T16:35:16.000000Z",
    "products_count": 3,
    "translated_languages": [
      "en"
    ],
    "type": {
      "id": 8,
      "name": "Books",
      "settings": {
        "isHome": false,
        "layoutType": "compact",
        "productCard": "radon"
      },
      "slug": "books",
      "language": "en",
      "icon": "BookIcon",
      "promotional_sliders": [],
      "created_at": "2021-12-07T16:30:18.000000Z",
      "updated_at": "2021-12-08T13:06:56.000000Z",
      "translated_languages": [
        "en"
      ]
    }
  },
  {
    "id": 9,
    "name": "Facny Publication",
    "is_approved": 1,
    "image": {
      "id": 1563,
      "original": "https://pickbazarlaravel.s3.ap-southeast-1.amazonaws.com/1563/Publisher-logo-10.png",
      "thumbnail": "https://pickbazarlaravel.s3.ap-southeast-1.amazonaws.com/1563/conversions/Publisher-logo-10-thumbnail.jpg"
    },
    "cover_image": {
      "id": 1564,
      "original": "https://pickbazarlaravel.s3.ap-southeast-1.amazonaws.com/1564/Publisher-banner-10.png",
      "thumbnail": "https://pickbazarlaravel.s3.ap-southeast-1.amazonaws.com/1564/conversions/Publisher-banner-10-thumbnail.jpg"
    },
    "slug": "facny-publication",
    "language": "en",
    "type_id": 8,
    "description": "To publish is to make content available to the generalpublic.While specific use of the term may vary among countries, it's generally applied to textbook, images, or other audio-visual content, including paper ( journals, magazines, registers,etc.). The word publication means the act of publishing, and also any published clones issued for public distribution.",
    "website": null,
    "socials": [
      {
        "url": "https://www.facebook.com/redqinc/",
        "icon": "FacebookIcon"
      },
      {
        "url": "https://www.instagram.com/redqinc/",
        "icon": "InstagramIcon"
      },
      {
        "url": "https://www.youtube.com/channel/UCjld1tyVHRNy_pe3ROLiLhw",
        "icon": "YouTubeIcon"
      }
    ],
    "created_at": "2021-12-14T14:46:21.000000Z",
    "updated_at": "2021-12-14T16:35:26.000000Z",
    "products_count": 3,
    "translated_languages": [
      "en"
    ],
    "type": {
      "id": 8,
      "name": "Books",
      "settings": {
        "isHome": false,
        "layoutType": "compact",
        "productCard": "radon"
      },
      "slug": "books",
      "language": "en",
      "icon": "BookIcon",
      "promotional_sliders": [],
      "created_at": "2021-12-07T16:30:18.000000Z",
      "updated_at": "2021-12-08T13:06:56.000000Z",
      "translated_languages": [
        "en"
      ]
    }
  }
]
