[
  {
    "id": 1,
    "name": "FIrst Edition",
    "slug": "first-edition",
    "language": "en",
    "icon": null,
    "image": [],
    "details": null,
    "type_id": 8,
    "created_at": "2021-12-08T13:40:17.000000Z",
    "updated_at": "2021-12-08T13:40:17.000000Z",
    "deleted_at": null,
    "translated_languages": [
      "en"
    ],
    "type": {
      "id": 8,
      "name": "Books",
      "settings": {
        "isHome": false,
        "layoutType": "compact",
        "productCard": "radon"
      },
      "slug": "books",
      "language": "en",
      "icon": "BookIcon",
      "promotional_sliders": [],
      "created_at": "2021-12-07T16:30:18.000000Z",
      "updated_at": "2021-12-08T13:06:56.000000Z",
      "translated_languages": [
        "en"
      ]
    }
  },
  {
    "id": 2,
    "name": "Second Edition",
    "slug": "second-edition",
    "language": "en",
    "icon": null,
    "image": [],
    "details": null,
    "type_id": 8,
    "created_at": "2021-12-08T13:40:37.000000Z",
    "updated_at": "2021-12-08T13:40:37.000000Z",
    "deleted_at": null,
    "translated_languages": [
      "en"
    ],
    "type": {
      "id": 8,
      "name": "Books",
      "settings": {
        "isHome": false,
        "layoutType": "compact",
        "productCard": "radon"
      },
      "slug": "books",
      "language": "en",
      "icon": "BookIcon",
      "promotional_sliders": [],
      "created_at": "2021-12-07T16:30:18.000000Z",
      "updated_at": "2021-12-08T13:06:56.000000Z",
      "translated_languages": [
        "en"
      ]
    }
  },
  {
    "id": 3,
    "name": "Third Edition",
    "slug": "third-edition",
    "language": "en",
    "icon": null,
    "image": [],
    "details": null,
    "type_id": 8,
    "created_at": "2021-12-08T13:40:49.000000Z",
    "updated_at": "2021-12-08T13:40:49.000000Z",
    "deleted_at": null,
    "translated_languages": [
      "en"
    ],
    "type": {
      "id": 8,
      "name": "Books",
      "settings": {
        "isHome": false,
        "layoutType": "compact",
        "productCard": "radon"
      },
      "slug": "books",
      "language": "en",
      "icon": "BookIcon",
      "promotional_sliders": [],
      "created_at": "2021-12-07T16:30:18.000000Z",
      "updated_at": "2021-12-08T13:06:56.000000Z",
      "translated_languages": [
        "en"
      ]
    }
  },
  {
    "id": 4,
    "name": "Latest Edition",
    "slug": "latest-edition",
    "language": "en",
    "icon": null,
    "image": [],
    "details": null,
    "type_id": 8,
    "created_at": "2021-12-08T13:41:01.000000Z",
    "updated_at": "2021-12-08T13:41:01.000000Z",
    "deleted_at": null,
    "translated_languages": [
      "en"
    ],
    "type": {
      "id": 8,
      "name": "Books",
      "settings": {
        "isHome": false,
        "layoutType": "compact",
        "productCard": "radon"
      },
      "slug": "books",
      "language": "en",
      "icon": "BookIcon",
      "promotional_sliders": [],
      "created_at": "2021-12-07T16:30:18.000000Z",
      "updated_at": "2021-12-08T13:06:56.000000Z",
      "translated_languages": [
        "en"
      ]
    }
  },
  {
    "id": 5,
    "name": "Special Edition",
    "slug": "special-edition",
    "language": "en",
    "icon": null,
    "image": [],
    "details": null,
    "type_id": 8,
    "created_at": "2021-12-08T13:41:18.000000Z",
    "updated_at": "2021-12-08T13:41:18.000000Z",
    "deleted_at": null,
    "translated_languages": [
      "en"
    ],
    "type": {
      "id": 8,
      "name": "Books",
      "settings": {
        "isHome": false,
        "layoutType": "compact",
        "productCard": "radon"
      },
      "slug": "books",
      "language": "en",
      "icon": "BookIcon",
      "promotional_sliders": [],
      "created_at": "2021-12-07T16:30:18.000000Z",
      "updated_at": "2021-12-08T13:06:56.000000Z",
      "translated_languages": [
        "en"
      ]
    }
  },
  {
    "id": 6,
    "name": "Cerebral",
    "slug": "cerebral",
    "language": "en",
    "icon": null,
    "image": [],
    "details": null,
    "type_id": 8,
    "created_at": "2021-12-08T13:41:46.000000Z",
    "updated_at": "2021-12-08T13:41:46.000000Z",
    "deleted_at": null,
    "translated_languages": [
      "en"
    ],
    "type": {
      "id": 8,
      "name": "Books",
      "settings": {
        "isHome": false,
        "layoutType": "compact",
        "productCard": "radon"
      },
      "slug": "books",
      "language": "en",
      "icon": "BookIcon",
      "promotional_sliders": [],
      "created_at": "2021-12-07T16:30:18.000000Z",
      "updated_at": "2021-12-08T13:06:56.000000Z",
      "translated_languages": [
        "en"
      ]
    }
  },
  {
    "id": 7,
    "name": "Suspense",
    "slug": "suspense",
    "language": "en",
    "icon": null,
    "image": [],
    "details": null,
    "type_id": 8,
    "created_at": "2021-12-08T13:42:04.000000Z",
    "updated_at": "2021-12-08T13:42:04.000000Z",
    "deleted_at": null,
    "translated_languages": [
      "en"
    ],
    "type": {
      "id": 8,
      "name": "Books",
      "settings": {
        "isHome": false,
        "layoutType": "compact",
        "productCard": "radon"
      },
      "slug": "books",
      "language": "en",
      "icon": "BookIcon",
      "promotional_sliders": [],
      "created_at": "2021-12-07T16:30:18.000000Z",
      "updated_at": "2021-12-08T13:06:56.000000Z",
      "translated_languages": [
        "en"
      ]
    }
  },
  {
    "id": 8,
    "name": "Gothic",
    "slug": "gothic",
    "language": "en",
    "icon": null,
    "image": [],
    "details": null,
    "type_id": 8,
    "created_at": "2021-12-08T13:42:20.000000Z",
    "updated_at": "2021-12-08T13:42:20.000000Z",
    "deleted_at": null,
    "translated_languages": [
      "en"
    ],
    "type": {
      "id": 8,
      "name": "Books",
      "settings": {
        "isHome": false,
        "layoutType": "compact",
        "productCard": "radon"
      },
      "slug": "books",
      "language": "en",
      "icon": "BookIcon",
      "promotional_sliders": [],
      "created_at": "2021-12-07T16:30:18.000000Z",
      "updated_at": "2021-12-08T13:06:56.000000Z",
      "translated_languages": [
        "en"
      ]
    }
  },
  {
    "id": 9,
    "name": "Disturbing",
    "slug": "disturbing",
    "language": "en",
    "icon": null,
    "image": [],
    "details": null,
    "type_id": 8,
    "created_at": "2021-12-08T13:42:56.000000Z",
    "updated_at": "2021-12-08T14:17:28.000000Z",
    "deleted_at": null,
    "translated_languages": [
      "en"
    ],
    "type": {
      "id": 8,
      "name": "Books",
      "settings": {
        "isHome": false,
        "layoutType": "compact",
        "productCard": "radon"
      },
      "slug": "books",
      "language": "en",
      "icon": "BookIcon",
      "promotional_sliders": [],
      "created_at": "2021-12-07T16:30:18.000000Z",
      "updated_at": "2021-12-08T13:06:56.000000Z",
      "translated_languages": [
        "en"
      ]
    }
  },
  {
    "id": 10,
    "name": "Romance",
    "slug": "romance",
    "language": "en",
    "icon": null,
    "image": [],
    "details": null,
    "type_id": 8,
    "created_at": "2021-12-08T13:43:09.000000Z",
    "updated_at": "2021-12-08T13:43:09.000000Z",
    "deleted_at": null,
    "translated_languages": [
      "en"
    ],
    "type": {
      "id": 8,
      "name": "Books",
      "settings": {
        "isHome": false,
        "layoutType": "compact",
        "productCard": "radon"
      },
      "slug": "books",
      "language": "en",
      "icon": "BookIcon",
      "promotional_sliders": [],
      "created_at": "2021-12-07T16:30:18.000000Z",
      "updated_at": "2021-12-08T13:06:56.000000Z",
      "translated_languages": [
        "en"
      ]
    }
  },
  {
    "id": 11,
    "name": "Love",
    "slug": "love",
    "language": "en",
    "icon": null,
    "image": [],
    "details": null,
    "type_id": 8,
    "created_at": "2021-12-08T13:43:17.000000Z",
    "updated_at": "2021-12-08T13:43:17.000000Z",
    "deleted_at": null,
    "translated_languages": [
      "en"
    ],
    "type": {
      "id": 8,
      "name": "Books",
      "settings": {
        "isHome": false,
        "layoutType": "compact",
        "productCard": "radon"
      },
      "slug": "books",
      "language": "en",
      "icon": "BookIcon",
      "promotional_sliders": [],
      "created_at": "2021-12-07T16:30:18.000000Z",
      "updated_at": "2021-12-08T13:06:56.000000Z",
      "translated_languages": [
        "en"
      ]
    }
  },
  {
    "id": 12,
    "name": "Moment",
    "slug": "moment",
    "language": "en",
    "icon": null,
    "image": [],
    "details": null,
    "type_id": 8,
    "created_at": "2021-12-08T14:16:46.000000Z",
    "updated_at": "2021-12-08T14:17:12.000000Z",
    "deleted_at": null,
    "translated_languages": [
      "en"
    ],
    "type": {
      "id": 8,
      "name": "Books",
      "settings": {
        "isHome": false,
        "layoutType": "compact",
        "productCard": "radon"
      },
      "slug": "books",
      "language": "en",
      "icon": "BookIcon",
      "promotional_sliders": [],
      "created_at": "2021-12-07T16:30:18.000000Z",
      "updated_at": "2021-12-08T13:06:56.000000Z",
      "translated_languages": [
        "en"
      ]
    }
  },
  {
    "id": 13,
    "name": "Award Winning",
    "slug": "award-winning",
    "language": "en",
    "icon": null,
    "image": [],
    "details": null,
    "type_id": 8,
    "created_at": "2021-12-08T14:17:42.000000Z",
    "updated_at": "2021-12-08T14:17:42.000000Z",
    "deleted_at": null,
    "translated_languages": [
      "en"
    ],
    "type": {
      "id": 8,
      "name": "Books",
      "settings": {
        "isHome": false,
        "layoutType": "compact",
        "productCard": "radon"
      },
      "slug": "books",
      "language": "en",
      "icon": "BookIcon",
      "promotional_sliders": [],
      "created_at": "2021-12-07T16:30:18.000000Z",
      "updated_at": "2021-12-08T13:06:56.000000Z",
      "translated_languages": [
        "en"
      ]
    }
  },
  {
    "id": 14,
    "name": "Scary",
    "slug": "scary",
    "language": "en",
    "icon": null,
    "image": [],
    "details": null,
    "type_id": 8,
    "created_at": "2021-12-08T14:18:08.000000Z",
    "updated_at": "2021-12-08T14:18:08.000000Z",
    "deleted_at": null,
    "translated_languages": [
      "en"
    ],
    "type": {
      "id": 8,
      "name": "Books",
      "settings": {
        "isHome": false,
        "layoutType": "compact",
        "productCard": "radon"
      },
      "slug": "books",
      "language": "en",
      "icon": "BookIcon",
      "promotional_sliders": [],
      "created_at": "2021-12-07T16:30:18.000000Z",
      "updated_at": "2021-12-08T13:06:56.000000Z",
      "translated_languages": [
        "en"
      ]
    }
  },
  {
    "id": 15,
    "name": "Devil",
    "slug": "devil",
    "language": "en",
    "icon": null,
    "image": [],
    "details": null,
    "type_id": 8,
    "created_at": "2021-12-08T14:18:18.000000Z",
    "updated_at": "2021-12-08T14:18:18.000000Z",
    "deleted_at": null,
    "translated_languages": [
      "en"
    ],
    "type": {
      "id": 8,
      "name": "Books",
      "settings": {
        "isHome": false,
        "layoutType": "compact",
        "productCard": "radon"
      },
      "slug": "books",
      "language": "en",
      "icon": "BookIcon",
      "promotional_sliders": [],
      "created_at": "2021-12-07T16:30:18.000000Z",
      "updated_at": "2021-12-08T13:06:56.000000Z",
      "translated_languages": [
        "en"
      ]
    }
  },
  {
    "id": 16,
    "name": "Cartoon",
    "slug": "cartoon",
    "language": "en",
    "icon": null,
    "image": [],
    "details": null,
    "type_id": 8,
    "created_at": "2021-12-08T14:18:33.000000Z",
    "updated_at": "2021-12-08T14:18:33.000000Z",
    "deleted_at": null,
    "translated_languages": [
      "en"
    ],
    "type": {
      "id": 8,
      "name": "Books",
      "settings": {
        "isHome": false,
        "layoutType": "compact",
        "productCard": "radon"
      },
      "slug": "books",
      "language": "en",
      "icon": "BookIcon",
      "promotional_sliders": [],
      "created_at": "2021-12-07T16:30:18.000000Z",
      "updated_at": "2021-12-08T13:06:56.000000Z",
      "translated_languages": [
        "en"
      ]
    }
  },
  {
    "id": 17,
    "name": "Children",
    "slug": "children",
    "language": "en",
    "icon": null,
    "image": [],
    "details": null,
    "type_id": 8,
    "created_at": "2021-12-08T14:18:43.000000Z",
    "updated_at": "2021-12-08T14:18:43.000000Z",
    "deleted_at": null,
    "translated_languages": [
      "en"
    ],
    "type": {
      "id": 8,
      "name": "Books",
      "settings": {
        "isHome": false,
        "layoutType": "compact",
        "productCard": "radon"
      },
      "slug": "books",
      "language": "en",
      "icon": "BookIcon",
      "promotional_sliders": [],
      "created_at": "2021-12-07T16:30:18.000000Z",
      "updated_at": "2021-12-08T13:06:56.000000Z",
      "translated_languages": [
        "en"
      ]
    }
  },
  {
    "id": 18,
    "name": "Super Hero",
    "slug": "super-hero",
    "language": "en",
    "icon": null,
    "image": [],
    "details": null,
    "type_id": 8,
    "created_at": "2021-12-08T14:18:53.000000Z",
    "updated_at": "2021-12-08T14:18:53.000000Z",
    "deleted_at": null,
    "translated_languages": [
      "en"
    ],
    "type": {
      "id": 8,
      "name": "Books",
      "settings": {
        "isHome": false,
        "layoutType": "compact",
        "productCard": "radon"
      },
      "slug": "books",
      "language": "en",
      "icon": "BookIcon",
      "promotional_sliders": [],
      "created_at": "2021-12-07T16:30:18.000000Z",
      "updated_at": "2021-12-08T13:06:56.000000Z",
      "translated_languages": [
        "en"
      ]
    }
  },
  {
    "id": 19,
    "name": "Comedy",
    "slug": "comedy",
    "language": "en",
    "icon": null,
    "image": [],
    "details": null,
    "type_id": 8,
    "created_at": "2021-12-08T14:19:03.000000Z",
    "updated_at": "2021-12-08T14:19:03.000000Z",
    "deleted_at": null,
    "translated_languages": [
      "en"
    ],
    "type": {
      "id": 8,
      "name": "Books",
      "settings": {
        "isHome": false,
        "layoutType": "compact",
        "productCard": "radon"
      },
      "slug": "books",
      "language": "en",
      "icon": "BookIcon",
      "promotional_sliders": [],
      "created_at": "2021-12-07T16:30:18.000000Z",
      "updated_at": "2021-12-08T13:06:56.000000Z",
      "translated_languages": [
        "en"
      ]
    }
  },
  {
    "id": 20,
    "name": "Kids Story",
    "slug": "kids-story",
    "language": "en",
    "icon": null,
    "image": [],
    "details": null,
    "type_id": 8,
    "created_at": "2021-12-08T14:19:13.000000Z",
    "updated_at": "2021-12-08T14:19:13.000000Z",
    "deleted_at": null,
    "translated_languages": [
      "en"
    ],
    "type": {
      "id": 8,
      "name": "Books",
      "settings": {
        "isHome": false,
        "layoutType": "compact",
        "productCard": "radon"
      },
      "slug": "books",
      "language": "en",
      "icon": "BookIcon",
      "promotional_sliders": [],
      "created_at": "2021-12-07T16:30:18.000000Z",
      "updated_at": "2021-12-08T13:06:56.000000Z",
      "translated_languages": [
        "en"
      ]
    }
  },
  {
    "id": 21,
    "name": "Sad",
    "slug": "sad",
    "language": "en",
    "icon": null,
    "image": [],
    "details": null,
    "type_id": 8,
    "created_at": "2021-12-08T14:19:22.000000Z",
    "updated_at": "2021-12-08T14:19:22.000000Z",
    "deleted_at": null,
    "translated_languages": [
      "en"
    ],
    "type": {
      "id": 8,
      "name": "Books",
      "settings": {
        "isHome": false,
        "layoutType": "compact",
        "productCard": "radon"
      },
      "slug": "books",
      "language": "en",
      "icon": "BookIcon",
      "promotional_sliders": [],
      "created_at": "2021-12-07T16:30:18.000000Z",
      "updated_at": "2021-12-08T13:06:56.000000Z",
      "translated_languages": [
        "en"
      ]
    }
  },
  {
    "id": 22,
    "name": "Tear",
    "slug": "tear",
    "language": "en",
    "icon": null,
    "image": [],
    "details": null,
    "type_id": 8,
    "created_at": "2021-12-08T14:19:32.000000Z",
    "updated_at": "2021-12-08T14:19:32.000000Z",
    "deleted_at": null,
    "translated_languages": [
      "en"
    ],
    "type": {
      "id": 8,
      "name": "Books",
      "settings": {
        "isHome": false,
        "layoutType": "compact",
        "productCard": "radon"
      },
      "slug": "books",
      "language": "en",
      "icon": "BookIcon",
      "promotional_sliders": [],
      "created_at": "2021-12-07T16:30:18.000000Z",
      "updated_at": "2021-12-08T13:06:56.000000Z",
      "translated_languages": [
        "en"
      ]
    }
  },
  {
    "id": 23,
    "name": "Space",
    "slug": "space",
    "language": "en",
    "icon": null,
    "image": [],
    "details": null,
    "type_id": 8,
    "created_at": "2021-12-08T14:19:48.000000Z",
    "updated_at": "2021-12-08T14:19:48.000000Z",
    "deleted_at": null,
    "translated_languages": [
      "en"
    ],
    "type": {
      "id": 8,
      "name": "Books",
      "settings": {
        "isHome": false,
        "layoutType": "compact",
        "productCard": "radon"
      },
      "slug": "books",
      "language": "en",
      "icon": "BookIcon",
      "promotional_sliders": [],
      "created_at": "2021-12-07T16:30:18.000000Z",
      "updated_at": "2021-12-08T13:06:56.000000Z",
      "translated_languages": [
        "en"
      ]
    }
  },
  {
    "id": 24,
    "name": "Fantasy",
    "slug": "fantasy",
    "language": "en",
    "icon": null,
    "image": [],
    "details": null,
    "type_id": 8,
    "created_at": "2021-12-08T14:19:57.000000Z",
    "updated_at": "2021-12-08T14:19:57.000000Z",
    "deleted_at": null,
    "translated_languages": [
      "en"
    ],
    "type": {
      "id": 8,
      "name": "Books",
      "settings": {
        "isHome": false,
        "layoutType": "compact",
        "productCard": "radon"
      },
      "slug": "books",
      "language": "en",
      "icon": "BookIcon",
      "promotional_sliders": [],
      "created_at": "2021-12-07T16:30:18.000000Z",
      "updated_at": "2021-12-08T13:06:56.000000Z",
      "translated_languages": [
        "en"
      ]
    }
  },
  {
    "id": 25,
    "name": "Touching",
    "slug": "touching",
    "language": "en",
    "icon": null,
    "image": [],
    "details": null,
    "type_id": 8,
    "created_at": "2021-12-08T14:20:19.000000Z",
    "updated_at": "2021-12-08T14:20:19.000000Z",
    "deleted_at": null,
    "translated_languages": [
      "en"
    ],
    "type": {
      "id": 8,
      "name": "Books",
      "settings": {
        "isHome": false,
        "layoutType": "compact",
        "productCard": "radon"
      },
      "slug": "books",
      "language": "en",
      "icon": "BookIcon",
      "promotional_sliders": [],
      "created_at": "2021-12-07T16:30:18.000000Z",
      "updated_at": "2021-12-08T13:06:56.000000Z",
      "translated_languages": [
        "en"
      ]
    }
  },
  {
    "id": 26,
    "name": "Combo",
    "slug": "combo",
    "language": "en",
    "icon": "",
    "image": null,
    "details": "",
    "type_id": 8,
    "created_at": "2022-01-04T16:32:26.000000Z",
    "updated_at": "2022-01-04T16:37:00.000000Z",
    "deleted_at": null,
    "translated_languages": [
      "en"
    ],
    "type": {
      "id": 8,
      "name": "Books",
      "settings": {
        "isHome": false,
        "layoutType": "compact",
        "productCard": "radon"
      },
      "slug": "books",
      "language": "en",
      "icon": "BookIcon",
      "promotional_sliders": [],
      "created_at": "2021-12-07T16:30:18.000000Z",
      "updated_at": "2021-12-08T13:06:56.000000Z",
      "translated_languages": [
        "en"
      ]
    }
  }
]